A,B,C
2019-07-18,83.46,83.4
2019-07-17,84.35,84.63
2019-07-16,83.77,84.91
2019-07-15,84.3,84.38
2019-07-14,83.66,84.64
2019-07-11,83.55,83.98
2019-07-10,85.2,85.57
2019-07-09,84.83,85.79
2019-07-08,86.29,86.57
2019-07-07,86.97,87.13
2019-07-04,87.22,87.54
2019-07-03,86.02,87.42
2019-07-02,85.68,85.91
2019-07-01,85.28,85.43
2019-06-30,84.93,85.76
2019-06-27,84.76,85.31
2019-06-26,86.5,86.5
2019-06-25,86.22,86.74
2019-06-24,87.12,87.21
2019-06-23,87.5,87.59
2019-06-20,87.2,88.28
2019-06-19,86.9,87.57
2019-06-18,86.16,86.66
2019-06-17,85.39,86.19
2019-06-16,85.17,85.72
2019-06-13,85.9,85.96
2019-06-12,85.71,86.35
2019-06-11,85.69,86.23
2019-06-10,86.12,86.15
2019-06-09,86.0,86.24
2019-06-06,85.43,85.94
2019-06-05,85.01,85.95
2019-06-04,84.89,85.35
2019-06-03,84.68,84.86
2019-06-02,84.89,85.0
2019-05-30,84.9,84.95
2019-05-29,84.66,84.88
2019-05-28,84.44,84.81
2019-05-27,83.6,84.45
2019-05-26,83.65,83.95
2019-05-23,83.2,83.23
2019-05-22,83.05,83.26
2019-05-21,82.15,83.09
2019-05-20,81.75,82.51
2019-05-19,82.41,82.82
2019-05-16,82.87,83.03
2019-05-15,83.8,84.43
2019-05-14,83.51,84.01
2019-05-13,83.87,84.3
2019-05-12,82.46,83.67
2019-05-09,82.09,82.51
2019-05-08,81.33,82.56
2019-05-07,79.5,81.42
2019-05-06,81.57,81.71
2019-05-05,81.3,81.71
2019-05-02,83.73,84.56
2019-05-01,83.43,83.43
2019-04-30,82.8,83.78
2019-04-29,81.82,82.94
2019-04-28,81.45,82.32
2019-04-25,81.29,82.36
2019-04-24,81.98,82.8
2019-04-23,82.0,82.16
2019-04-22,80.14,81.85
2019-04-21,79.36,79.36
2019-04-18,79.36,79.36
2019-04-17,78.59,79.61
2019-04-16,77.72,78.42
2019-04-15,77.91,78.47
2019-04-14,77.02,78.25
2019-04-11,78.51,78.7
2019-04-10,79.32,80.17
2019-04-09,79.07,79.48
2019-04-08,78.96,79.33
2019-04-07,79.77,80.17
2019-04-04,80.24,81.34
2019-04-03,80.32,80.52
2019-04-02,80.65,80.88
2019-04-01,81.22,81.47
2019-03-31,80.95,81.44
2019-03-28,79.7,80.53
2019-03-27,78.5,79.6
2019-03-26,78.39,79.54
2019-03-25,76.56,78.25
2019-03-24,78.0,78.17
2019-03-21,77.5,78.56
2019-03-20,77.49,78.42
2019-03-19,78.0,78.52
2019-03-18,77.53,78.75
2019-03-17,77.0,78.11
2019-03-14,75.2,77.34
2019-03-13,78.33,78.48
2019-03-12,79.15,79.23
2019-03-11,79.56,80.62
2019-03-10,79.23,80.01
2019-03-07,81.02,81.3
2019-03-06,81.73,81.95
2019-03-05,81.83,81.94
2019-03-04,81.01,82.32
2019-03-03,80.35,81.31
2019-02-28,82.4,83.42
2019-02-27,84.06,84.63
2019-02-26,82.92,84.03
2019-02-25,83.8,83.8
2019-02-24,82.05,83.37
2019-02-21,82.4,82.62
2019-02-20,81.4,82.24
2019-02-19,82.49,83.07
2019-02-18,82.2,82.92
2019-02-17,82.43,82.74
2019-02-14,81.37,82.74
2019-02-13,80.09,81.26
2019-02-12,80.03,81.08
2019-02-11,78.56,80.05
2019-02-10,78.86,79.25
2019-02-07,78.26,78.95
2019-02-06,76.91,78.31
2019-02-05,76.46,76.93
2019-02-04,77.61,77.85
2019-02-03,79.8,79.92
2019-01-31,79.46,79.75
2019-01-30,79.12,79.99
2019-01-29,79.95,80.42
2019-01-28,78.26,79.64
2019-01-27,77.8,78.72
2019-01-24,80.0,80.15
2019-01-23,79.96,80.46
2019-01-22,80.94,81.22
2019-01-21,80.3,81.27
2019-01-20,79.27,80.09
2019-01-17,79.17,80.6
2019-01-16,78.62,79.07
2019-01-15,77.7,78.51
2019-01-14,76.67,77.57
2019-01-13,77.9,77.91
2019-01-10,77.32,77.98
2019-01-09,77.72,78.06
2019-01-08,77.99,78.42
2019-01-07,78.43,78.86
2019-01-06,76.21,76.99
2019-01-03,76.39,76.85
2019-01-02,78.4,78.72
2019-01-01,77.49,77.49
2013-12-31,77.49,77.49
2013-12-30,77.95,78.03
2013-12-27,77.72,77.99
2013-12-26,76.9,76.9
2013-12-25,76.9,76.9
2013-12-24,76.9,76.9
2013-12-23,76.66,77.18
2013-12-20,75.58,76.24
2013-12-19,75.38,75.72
2013-12-18,74.99,75.04
2013-12-17,74.93,75.15
2013-12-16,73.43,75.33
2013-12-13,73.93,74.17
2013-12-12,73.75,74.26
2013-12-11,74.89,75.26
2013-12-10,75.37,75.92
2013-12-09,76.25,76.25
2013-12-06,75.14,75.98
2013-12-05,75.27,75.97
2013-12-04,77.45,77.66
2013-12-03,78.97,79.12
2013-12-02,78.8,79.18
2013-11-29,78.1,78.91
2013-11-28,77.86,78.37
2013-11-27,77.68,78.09
2013-11-26,77.86,77.92
2013-11-25,76.87,77.76
2013-11-22,76.78,77.17
2013-11-21,76.7,76.85
2013-11-20,77.26,77.47
2013-11-19,77.8,78.15
2013-11-18,77.76,78.2
2013-11-15,77.68,78.35
2013-11-14,77.0,77.94
2013-11-13,75.9,76.47
2013-11-12,75.83,76.36
2013-11-11,75.72,75.95
2013-11-08,75.62,75.8
2013-11-07,75.58,76.94
2013-11-06,75.9,76.23
2013-11-05,76.26,76.58
2013-11-04,76.64,76.97
2013-11-01,76.66,77.0
2013-10-31,75.83,76.63
2013-10-30,76.02,76.15
2013-10-29,75.81,76.14
2013-10-28,75.59,75.92
2013-10-25,74.6,75.57
2013-10-24,74.5,74.54
2013-10-23,73.76,74.36
2013-10-22,73.28,74.49
2013-10-21,73.21,73.48
2013-10-18,73.34,73.6
2013-10-17,73.01,73.15
2013-10-16,72.12,73.39
2013-10-15,71.72,72.56
2013-10-14,71.46,71.55
2013-10-11,71.35,71.93
2013-10-10,70.32,71.85
2013-10-09,70.28,70.43
2013-10-08,69.99,70.29
2013-10-07,70.4,70.42
2013-10-04,71.0,71.01
2013-10-03,71.48,71.9
2013-10-02,71.47,71.73
2013-10-01,71.31,71.78
2013-09-30,70.51,70.92
2013-09-27,72.05,72.34
2013-09-26,72.31,72.43
2013-09-25,72.13,72.37
2013-09-24,72.32,72.48
2013-09-23,72.02,72.74
2013-09-20,72.36,72.78
2013-09-19,73.35,73.58
2013-09-18,72.08,72.5
2013-09-17,72.36,72.49
2013-09-16,70.63,72.76
2013-09-13,69.74,69.79
2013-09-12,69.7,69.99
2013-09-11,69.4,69.85
2013-09-10,67.9,69.92
2013-09-09,67.02,67.58
2013-09-06,66.72,67.31
2013-09-05,67.97,68.05
2013-09-04,67.68,68.11
2013-09-03,67.61,68.01
2013-09-02,67.0,68.04
2013-08-30,66.58,66.98
2013-08-29,66.87,67.05
2013-08-28,67.87,68.08
2013-08-27,68.72,69.15
2013-08-26,69.14,69.32
2013-08-23,68.31,69.35
2013-08-22,66.97,68.66
2013-08-21,67.63,67.7
2013-08-20,67.5,67.77
2013-08-19,68.35,68.52
2013-08-16,67.7,68.08
2013-08-15,67.94,67.99
2013-08-14,68.1,68.57
2013-08-13,66.86,68.33
2013-08-12,64.95,66.9
2013-08-09,65.28,65.32
2013-08-08,64.71,65.59
2013-08-07,65.61,65.75
2013-08-06,66.32,67.2
2013-08-05,68.15,68.3
2013-08-02,67.87,68.21
2013-08-01,67.19,67.78
2013-07-31,67.18,67.49
2013-07-30,67.09,67.89
2013-07-29,66.09,66.85
2013-07-26,67.28,67.45
2013-07-25,67.85,68.0
2013-07-24,70.0,70.56
2013-07-23,70.21,70.54
2013-07-22,70.2,70.48
2013-07-19,70.39,70.4
2013-07-18,70.37,70.8
2013-07-17,70.09,71.23
2013-07-16,70.85,71.13
2013-07-15,70.51,71.04
2013-07-12,71.35,71.5
2013-07-11,70.98,71.69
2013-07-10,69.4,69.96
2013-07-09,69.36,69.87
2013-07-08,67.49,69.4
2013-07-05,69.41,69.79
2013-07-04,68.3,69.21
2013-07-03,67.8,67.82
2013-07-02,68.89,68.89
2013-07-01,68.85,69.22
2013-06-28,68.5,69.18
2013-06-27,67.93,68.45
2013-06-26,69.5,70.5
2013-06-25,69.17,69.8
2013-06-24,69.39,69.92
2013-06-21,71.47,71.7
2013-06-20,72.35,72.61
2013-06-19,74.74,75.06
2013-06-18,73.32,74.75
2013-06-17,73.09,74.41
2013-06-14,73.0,73.39
2013-06-13,71.8,72.34
2013-06-12,73.33,74.27
2013-06-11,73.4,73.47
2013-06-10,72.8,74.36
2013-06-07,71.92,72.98
2013-06-06,73.08,73.53
2013-06-05,74.4,74.8
2013-06-04,76.25,76.39
2013-06-03,74.71,76.25
2013-05-31,75.54,75.82
2013-05-30,74.28,75.27
2013-05-29,74.5,75.23
2013-05-28,74.5,75.93
2013-05-27,73.4,74.24
2013-05-24,74.53,74.79
2013-05-23,73.9,74.45
2013-05-22,75.03,75.86
2013-05-21,74.35,75.36
2013-05-20,74.77,74.82
2013-05-17,73.97,74.7
2013-05-16,73.52,74.38
2013-05-15,74.0,74.25
2013-05-14,74.15,74.39
2013-05-13,73.55,74.0
2013-05-10,74.0,74.97
2013-05-09,73.25,74.07
2013-05-08,73.33,73.98
2013-05-07,72.91,73.97
2013-05-06,73.12,73.51
2013-05-03,71.6,73.86
2013-05-02,70.8,72.5
2013-05-01,70.92,70.92
2013-04-30,71.5,71.58
2013-04-29,70.0,70.73
2013-04-26,71.03,72.99
2013-04-25,68.68,70.0
2013-04-24,67.8,68.64
2013-04-23,65.92,68.01
2013-04-22,66.43,66.76
2013-04-19,66.2,66.71
2013-04-18,65.88,66.97
2013-04-17,68.3,68.37
2013-04-16,67.89,68.7
2013-04-15,68.67,68.67
2013-04-12,69.53,70.01
2013-04-11,68.45,69.58
2013-04-10,67.14,68.64
2013-04-09,67.42,67.44
2013-04-08,67.37,67.85
2013-04-05,69.1,69.28
2013-04-04,69.59,70.14
2013-04-03,70.4,70.57
2013-04-02,68.37,69.52
2013-04-01,68.32,68.32
2013-03-29,68.32,68.32
2013-03-28,67.99,68.89
2013-03-27,69.81,69.98
2013-03-26,69.78,70.24
2013-03-25,71.76,71.9
2013-03-22,71.06,71.16
2013-03-21,73.0,73.14
2013-03-20,73.45,73.93
2013-03-19,73.97,74.1
2013-03-18,73.49,74.4
2013-03-15,75.45,75.48
2013-03-14,74.32,75.43
2013-03-13,73.36,74.23
2013-03-12,73.11,73.57
2013-03-11,73.34,73.58
2013-03-08,73.58,73.92
2013-03-07,73.38,73.8
2013-03-06,73.25,74.53
2013-03-05,72.0,73.1
2013-03-04,71.25,71.68
2013-03-01,72.06,72.37
2013-02-28,72.55,72.72
2013-02-27,72.25,72.41
2013-02-26,72.4,73.34
2013-02-25,74.72,76.2
2013-02-22,73.06,74.45
2013-02-21,73.41,73.52
2013-02-20,73.75,74.79
2013-02-19,71.17,73.79
2013-02-18,70.99,71.85
2013-02-15,71.46,71.51
2013-02-14,72.2,72.84
2013-02-13,71.78,72.9
2013-02-12,71.55,72.08
2013-02-11,72.19,72.65
2013-02-08,71.93,72.44
2013-02-07,72.1,72.85
2013-02-06,73.71,73.71
2013-02-05,73.3,73.87
2013-02-04,75.5,75.72
2013-02-01,74.97,76.17
2013-01-31,74.92,75.49
2013-01-30,75.95,75.95
2013-01-29,75.57,75.87
2013-01-28,75.15,75.74
2013-01-25,73.63,75.69
2013-01-24,72.61,73.91
2013-01-23,73.31,73.54
2013-01-22,73.74,73.9
2013-01-21,73.31,74.11
2013-01-18,73.5,73.52
2013-01-17,72.16,73.51
2013-01-16,71.8,72.42
2013-01-15,71.34,72.29
2013-01-14,71.24,72.3
2013-01-11,70.87,71.4
2013-01-10,71.49,71.75
2013-01-09,71.42,71.5
2013-01-08,71.32,71.68
2013-01-07,72.11,72.25
2013-01-04,72.1,72.76
2013-01-03,72.94,72.94
2013-01-02,72.62,73.22
2013-01-01,71.15,71.15
2012-12-31,71.15,71.15
2012-12-28,71.77,71.89
2012-12-27,71.17,72.13
2012-12-26,71.17,71.17
2012-12-25,71.17,71.17
2012-12-24,71.17,71.17
2012-12-21,71.76,72.15
2012-12-20,72.8,73.0
2012-12-19,72.92,73.41
2012-12-18,72.49,72.85
2012-12-17,72.05,72.76
2012-12-14,72.0,72.33
2012-12-13,71.81,71.93
2012-12-12,71.47,71.65
2012-12-11,70.75,71.48
2012-12-10,69.61,70.67
2012-12-07,70.47,70.93
2012-12-06,69.7,70.55
2012-12-05,69.4,69.69
2012-12-04,69.35,69.58
2012-12-03,69.0,69.99
2012-11-30,68.29,69.22
2012-11-29,68.5,68.98
2012-11-28,67.68,68.27
2012-11-27,67.6,67.99
2012-11-26,67.16,67.69
2012-11-23,66.78,67.67
2012-11-22,66.0,66.77
2012-11-21,65.67,65.99
2012-11-20,64.36,65.93
2012-11-19,63.2,64.51
2012-11-16,63.2,63.43
2012-11-15,63.07,63.44
2012-11-14,63.93,64.33
2012-11-13,62.77,64.32
2012-11-12,63.19,63.46
2012-11-09,63.62,63.79
2012-11-08,63.77,64.19
2012-11-07,65.35,65.53
2012-11-06,64.36,65.06
2012-11-05,64.5,64.55
2012-11-02,64.62,65.55
2012-11-01,63.86,64.92
2012-10-31,64.1,64.69
2012-10-30,63.61,64.57
2012-10-29,63.4,63.77
2012-10-26,62.8,63.96
2012-10-25,63.85,64.39
2012-10-24,63.03,63.37
2012-10-23,65.42,65.42
2012-10-22,65.94,66.0
2012-10-19,65.94,66.23
2012-10-18,65.6,66.34
2012-10-17,65.54,65.71
2012-10-16,65.23,66.09
2012-10-15,64.45,65.63
2012-10-12,64.95,65.12
2012-10-11,64.19,65.2
2012-10-10,64.09,64.43
2012-10-09,65.6,65.7
2012-10-08,66.37,66.39
2012-10-05,65.91,66.75
2012-10-04,67.2,67.35
2012-10-03,66.48,67.08
2012-10-02,67.0,67.61
2012-10-01,65.65,67.5
2012-09-28,66.71,67.16
2012-09-27,67.01,67.4
2012-09-26,67.11,67.37
2012-09-25,67.51,68.25
2012-09-24,67.5,67.89
2012-09-21,67.6,68.29
2012-09-20,66.31,67.46
2012-09-19,67.19,67.62
2012-09-18,66.33,67.24
2012-09-17,66.37,67.08
2012-09-14,66.49,66.98
2012-09-13,65.68,66.0
2012-09-12,65.95,66.8
2012-09-11,63.92,65.72
2012-09-10,63.95,64.5
2012-09-07,63.9,64.74
2012-09-06,61.55,63.9
2012-09-05,61.57,62.0
2012-09-04,62.57,62.59
2012-09-03,61.66,62.64
2012-08-31,61.08,62.34
2012-08-30,62.2,62.2
2012-08-29,62.52,62.6
2012-08-28,62.41,62.69
2012-08-27,61.96,62.83
2012-08-24,61.6,62.4
2012-08-23,62.78,63.19
2012-08-22,62.52,62.65
2012-08-21,62.57,63.28
2012-08-20,62.05,62.52
2012-08-17,61.8,62.17
2012-08-16,61.45,61.74
2012-08-15,61.09,61.76
2012-08-14,60.92,61.43
2012-08-13,60.76,61.3
2012-08-10,60.72,61.0
2012-08-09,61.17,61.35
2012-08-08,60.6,61.02
2012-08-07,60.41,61.43
2012-08-06,59.91,60.85
2012-08-03,57.69,59.75
2012-08-02,59.19,60.0
2012-08-01,59.26,59.98
2012-07-31,60.07,60.48
2012-07-30,59.47,60.5
2012-07-27,57.98,59.06
2012-07-26,55.86,58.14
2012-07-25,55.71,56.87
2012-07-24,56.3,57.14
2012-07-23,57.26,57.84
2012-07-20,58.51,59.05
2012-07-19,57.8,58.84
2012-07-18,57.08,57.67
2012-07-17,56.5,57.15
2012-07-16,56.12,56.49
2012-07-13,55.09,56.22
2012-07-12,54.66,55.25
2012-07-11,55.27,55.67
2012-07-10,55.65,56.1
2012-07-09,55.95,55.99
2012-07-06,56.83,57.12
2012-07-05,57.05,57.9
2012-07-04,56.45,57.44
2012-07-03,55.4,56.5
2012-07-02,54.7,56.17
2012-06-29,53.6,54.87
2012-06-28,53.22,53.34
2012-06-27,53.15,53.35
2012-06-26,52.9,53.31
2012-06-25,53.82,54.0
2012-06-22,55.47,55.49
2012-06-21,56.53,57.43
2012-06-20,57.0,57.13
2012-06-19,56.2,57.38
2012-06-18,56.77,56.77
2012-06-15,55.62,56.19
2012-06-14,55.75,55.93
2012-06-13,56.19,56.38
2012-06-12,55.6,56.52
2012-06-11,56.7,56.91
2012-06-08,55.26,55.74
2012-06-07,54.96,56.36
2012-06-06,54.0,55.05
2012-06-05,53.72,53.74
2012-06-04,53.28,54.05
2012-06-01,56.35,56.5
2012-05-31,56.75,56.83
2012-05-30,57.51,57.67
2012-05-29,57.75,58.59
2012-05-28,57.75,58.18
2012-05-25,57.17,57.72
2012-05-24,57.42,57.57
2012-05-23,57.76,57.83
2012-05-22,58.0,58.38
2012-05-21,56.95,57.86
2012-05-18,56.21,57.56
2012-05-17,57.55,57.8
2012-05-16,56.87,57.99
2012-05-15,58.0,58.25
2012-05-14,58.0,58.33
2012-05-11,57.92,58.97
2012-05-10,58.08,58.5
2012-05-09,57.76,58.24
2012-05-08,58.97,58.97
2012-05-07,58.0,59.15
2012-05-04,60.73,60.82
2012-05-03,61.72,62.23
2012-05-02,62.79,63.15
2012-05-01,62.19,62.19
2012-04-30,63.46,63.73
2012-04-27,63.59,65.25
2012-04-26,65.52,65.69
2012-04-25,64.38,65.66
2012-04-24,64.26,64.34
2012-04-23,65.62,65.77
2012-04-20,65.37,66.26
2012-04-19,65.15,66.6
2012-04-18,65.34,65.42
2012-04-17,63.25,65.63
2012-04-16,61.7,63.5
2012-04-13,63.55,63.67
2012-04-12,62.81,64.0
2012-04-11,61.84,63.29
2012-04-10,62.75,63.86
2012-04-09,63.48,63.48
2012-04-06,63.48,63.48
2012-04-05,63.8,64.13
2012-04-04,65.2,65.46
2012-04-03,66.9,66.95
2012-04-02,65.59,66.62
2012-03-30,65.28,65.76
2012-03-29,65.8,66.05
2012-03-28,67.05,67.53
2012-03-27,67.47,68.24
2012-03-26,66.01,67.38
2012-03-23,65.98,66.7
2012-03-22,66.94,67.21
2012-03-21,67.6,68.03
2012-03-20,67.88,68.63
2012-03-19,67.62,67.97
2012-03-16,67.39,68.38
2012-03-15,66.6,67.5
2012-03-14,66.91,67.14
2012-03-13,66.0,66.76
2012-03-12,65.1,65.63
2012-03-09,65.07,65.73
2012-03-08,63.52,65.2
2012-03-07,62.5,63.21
2012-03-06,65.25,65.4
2012-03-05,65.75,66.32
2012-03-02,67.08,67.25
2012-03-01,65.66,67.24
2012-02-29,67.0,67.48
2012-02-28,66.3,66.7
2012-02-27,64.82,66.14
2012-02-24,65.75,66.48
2012-02-23,64.05,65.46
2012-02-22,64.82,65.1
2012-02-21,64.53,65.21
2012-02-20,63.5,64.8
2012-02-17,62.62,63.11
2012-02-16,61.5,62.0
2012-02-15,61.89,62.72
2012-02-14,60.7,61.46
2012-02-13,60.56,60.93
2012-02-10,60.5,61.08
2012-02-09,60.56,61.85
2012-02-08,61.11,61.73
2012-02-07,61.42,61.6
2012-02-06,61.3,61.63
2012-02-03,60.4,61.58
2012-02-02,60.15,60.78
2012-02-01,59.07,60.66
2012-01-31,60.23,60.39
2012-01-30,59.93,60.59
2012-01-27,59.63,61.1
2012-01-26,59.7,60.06
2012-01-25,59.14,59.3
2012-01-24,58.61,59.08
2012-01-23,58.16,59.19
2012-01-20,59.09,59.09
2012-01-19,59.18,59.43
2012-01-18,58.57,59.58
2012-01-17,58.88,59.27
2012-01-16,57.11,58.23
2012-01-13,58.8,58.91
2012-01-12,57.55,58.95
2012-01-11,57.6,58.0
2012-01-10,56.5,57.99
2012-01-09,55.81,56.0
2012-01-06,56.78,57.38
2012-01-05,56.44,57.14
2012-01-04,55.93,56.57
2012-01-03,55.79,56.79
2012-01-02,53.62,55.3
2011-12-30,53.24,53.89
2011-12-29,52.76,53.17
2011-12-28,53.09,53.84
2011-12-27,53.03,53.55
2011-12-26,52.83,52.83
2011-12-23,53.2,53.28
2011-12-22,52.74,53.47
2011-12-21,53.48,54.04
2011-12-20,51.0,53.09
2011-12-19,51.1,52.02
2011-12-16,51.89,52.34
2011-12-15,50.95,52.08
2011-12-14,50.95,51.67
2011-12-13,51.87,52.37
2011-12-12,53.44,53.62
2011-12-09,52.6,54.66
2011-12-08,54.5,55.06
2011-12-07,55.12,55.23
2011-12-06,53.99,55.29
2011-12-05,54.63,55.35
2011-12-02,54.1,55.5
2011-12-01,53.88,54.46
2011-11-30,49.85,54.58
2011-11-29,49.52,50.99
2011-11-28,47.9,49.62
2011-11-25,46.37,47.68
2011-11-24,47.48,47.92
2011-11-23,46.85,48.52
2011-11-22,48.73,49.03
2011-11-21,49.48,49.51
2011-11-18,49.7,50.41
2011-11-17,50.25,51.15
2011-11-16,50.47,51.2
2011-11-15,50.53,51.56
2011-11-14,51.97,52.28
2011-11-11,50.02,52.16
2011-11-10,48.9,51.09
2011-11-09,51.35,51.86
2011-11-08,50.5,52.37
2011-11-07,50.42,51.23
2011-11-04,53.77,53.79
2011-11-03,50.32,53.85
2011-11-02,51.52,51.86
2011-11-01,51.38,51.7
2011-10-31,54.3,54.56
2011-10-28,54.94,55.5
2011-10-27,52.55,54.45
2011-10-26,51.85,52.2
2011-10-25,51.37,52.66
2011-10-24,51.35,51.97
2011-10-21,49.38,51.04
2011-10-20,49.38,49.99
2011-10-19,51.26,51.58
2011-10-18,49.76,51.49
2011-10-17,52.0,52.75
2011-10-14,50.86,51.88
2011-10-13,50.66,51.28
2011-10-12,50.18,51.67
2011-10-11,50.96,51.1
2011-10-10,49.92,51.68
2011-10-07,49.17,50.41
2011-10-06,47.12,49.02
2011-10-05,45.06,47.15
2011-10-04,44.31,44.35
2011-10-03,44.8,45.67
2011-09-30,47.0,47.14
2011-09-29,46.21,47.53
2011-09-28,46.59,47.56
2011-09-27,46.75,47.3
2011-09-26,43.22,46.34
2011-09-23,44.83,45.04
2011-09-22,45.06,45.3
2011-09-21,47.58,47.96
2011-09-20,46.19,48.19
2011-09-19,46.49,46.94
2011-09-16,48.42,48.65
2011-09-15,47.08,48.45
2011-09-14,44.0,46.46
2011-09-13,44.22,45.22
2011-09-12,42.69,43.83
2011-09-09,45.81,46.28
2011-09-08,46.0,47.17
2011-09-07,45.73,46.44
2011-09-06,44.44,45.62
2011-09-05,45.66,45.92
2011-09-02,47.78,47.94
2011-09-01,49.6,49.7
2011-08-31,48.15,50.37
2011-08-30,48.54,48.68
2011-08-29,48.57,49.3
2011-08-26,48.25,48.34
2011-08-25,50.5,51.02
2011-08-24,48.3,50.77
2011-08-23,48.44,49.6
2011-08-22,47.92,48.99
2011-08-19,50.13,50.33
2011-08-18,52.65,52.7
2011-08-17,53.24,54.05
2011-08-16,53.79,54.0
2011-08-15,55.15,55.41
2011-08-12,52.25,54.54
2011-08-11,51.3,52.71
2011-08-10,54.59,54.65
2011-08-09,50.76,52.74
2011-08-08,52.84,53.54
2011-08-05,53.65,56.46
2011-08-04,59.45,59.86
2011-08-03,58.84,60.09
2011-08-02,60.55,61.3
2011-08-01,64.5,64.9
2011-07-29,62.5,63.75
2011-07-28,62.35,63.09
2011-07-27,66.25,66.93
2011-07-26,67.6,67.86
2011-07-25,65.98,67.59
2011-07-22,67.21,67.37
2011-07-21,66.3,67.17
2011-07-20,67.37,68.1
2011-07-19,67.61,68.44
2011-07-18,67.55,68.1
2011-07-15,68.16,68.4
2011-07-14,67.62,68.87
2011-07-13,67.0,68.4
2011-07-12,65.3,67.09
2011-07-11,67.89,68.33
2011-07-08,69.0,69.8
2011-07-07,68.75,69.09
2011-07-06,67.94,68.45
2011-07-05,67.51,68.61
2011-07-04,67.85,68.28
2011-07-01,67.88,68.1
2011-06-30,66.29,67.57
2011-06-29,65.35,66.64
2011-06-28,64.25,64.89
2011-06-27,63.82,63.93
2011-06-24,65.19,66.0
2011-06-23,65.0,65.3
2011-06-22,65.3,65.7
2011-06-21,63.43,65.2
2011-06-20,62.44,62.94
2011-06-17,62.63,64.32
2011-06-16,62.25,62.85
2011-06-15,64.42,64.83
2011-06-14,63.78,64.72
2011-06-13,63.33,63.67
2011-06-10,63.81,64.52
2011-06-09,62.3,64.43
2011-06-08,62.29,62.5
2011-06-07,63.12,63.44
2011-06-06,62.42,63.42
2011-06-03,61.78,62.49
2011-06-02,62.62,62.72
2011-06-01,64.7,64.7
2011-05-31,63.0,64.63
2011-05-30,61.6,62.5
2011-05-27,61.55,61.97
2011-05-26,61.84,62.34
2011-05-25,60.8,61.52
2011-05-24,61.36,62.57
2011-05-23,61.5,61.98
2011-05-20,63.86,64.5
2011-05-19,63.59,64.66
2011-05-18,62.96,63.45
2011-05-17,63.97,64.28
2011-05-16,63.7,64.48
2011-05-13,64.72,65.48
2011-05-12,64.05,64.22
2011-05-11,66.7,66.7
2011-05-10,65.9,66.99
2011-05-09,66.41,66.72
2011-05-06,66.61,68.41
2011-05-05,67.0,67.52
2011-05-04,67.66,69.27
2011-05-03,68.42,68.92
2011-05-02,69.7,70.22
2011-04-29,68.75,69.49
2011-04-28,68.62,69.39
2011-04-27,66.85,67.93
2011-04-26,66.0,66.6
2011-04-21,65.99,66.5
2011-04-20,63.7,65.3
2011-04-19,62.58,62.88
2011-04-18,64.15,64.21
2011-04-15,63.2,64.17
2011-04-14,62.86,63.39
2011-04-13,62.7,63.41
2011-04-12,63.4,63.65
2011-04-11,63.95,64.45
2011-04-08,63.43,64.1
2011-04-07,63.6,63.64
2011-04-06,62.69,63.63
2011-04-05,61.95,62.5
2011-04-04,61.95,62.29
2011-04-01,61.28,62.08
2011-03-31,60.68,61.5
2011-03-30,59.81,60.81
2011-03-29,59.0,59.4
2011-03-28,59.0,59.5
2011-03-25,59.07,59.2
2011-03-24,56.95,58.58
2011-03-23,56.14,56.48
2011-03-22,57.17,57.29
2011-03-21,56.85,57.61
2011-03-18,56.3,56.81
2011-03-17,54.48,55.87
2011-03-16,56.0,56.14
2011-03-15,56.25,56.29
2011-03-14,57.8,58.38
2011-03-11,58.05,58.8
2011-03-10,59.0,59.18
2011-03-09,60.27,60.56
2011-03-08,61.52,61.56
2011-03-07,60.47,62.0
2011-03-04,61.07,61.68
2011-03-03,60.8,61.49
2011-03-02,59.29,60.62
2011-03-01,61.0,61.55
2011-02-28,59.15,60.59
2011-02-25,59.35,59.49
2011-02-24,58.25,59.62
2011-02-23,59.09,59.9
2011-02-22,59.0,60.02
2011-02-21,61.31,61.42
2011-02-18,61.35,61.54
2011-02-17,60.62,61.1
2011-02-16,61.3,61.48
2011-02-15,59.67,60.73
2011-02-14,58.3,59.49
2011-02-11,58.38,58.58
2011-02-10,57.62,58.59
2011-02-09,57.85,58.24
2011-02-08,58.18,58.38
2011-02-07,57.43,58.62
2011-02-04,58.09,58.24
2011-02-03,57.93,58.13
2011-02-02,57.71,58.55
2011-02-01,56.5,58.06
2011-01-31,56.3,56.72
2011-01-28,57.18,57.39
2011-01-27,57.4,58.22
2011-01-26,56.39,57.55
2011-01-25,55.93,57.38
2011-01-24,56.68,56.82
2011-01-21,55.93,56.68
2011-01-20,56.04,56.77
2011-01-19,57.24,57.72
2011-01-18,57.33,57.65
2011-01-17,57.3,57.83
2011-01-14,58.13,58.24
2011-01-13,58.75,59.21
2011-01-12,57.32,58.6
2011-01-11,57.13,57.28
2011-01-10,56.99,58.14
2011-01-07,57.85,58.1
2011-01-06,58.18,58.97
2011-01-05,58.6,58.78
2011-01-04,60.4,60.49
2011-01-03,60.44,60.95
2010-12-30,61.35,61.41
2010-12-29,60.85,61.39
2010-12-28,60.81,60.97
2010-12-27,61.5,61.5
2010-12-23,61.4,61.72
2010-12-22,61.6,61.8
2010-12-21,61.14,61.83
2010-12-20,60.76,61.87
2010-12-17,61.68,61.88
2010-12-16,61.72,61.75
2010-12-15,60.88,61.58
2010-12-14,60.58,60.97
2010-12-13,60.98,61.0
2010-12-10,60.75,61.03
2010-12-09,61.22,61.74
2010-12-08,60.9,61.48
2010-12-07,60.1,61.85
2010-12-06,59.51,60.25
2010-12-03,59.65,60.0
2010-12-02,59.26,59.95
2010-12-01,57.61,59.26
2010-11-30,56.4,57.63
2010-11-29,58.4,59.13
2010-11-26,58.8,58.82
2010-11-25,58.5,59.29
2010-11-24,56.95,58.69
2010-11-23,57.4,57.93
2010-11-22,57.85,58.2
2010-11-19,57.2,57.54
2010-11-18,55.8,57.26
2010-11-17,54.55,55.52
2010-11-16,56.7,56.86
2010-11-15,55.77,57.39
2010-11-12,55.58,56.37
2010-11-11,56.4,56.98
2010-11-10,57.3,57.34
2010-11-09,56.5,57.67
2010-11-08,57.0,57.05
2010-11-05,56.08,57.7
2010-11-04,54.5,56.72
2010-11-03,54.32,54.45
2010-11-02,52.45,54.27
2010-11-01,52.5,53.02
2010-10-29,52.29,52.7
2010-10-28,52.35,52.66
2010-10-27,52.66,52.87
2010-10-26,52.97,53.26
2010-10-25,53.0,53.39
2010-10-22,52.5,53.35
2010-10-21,51.93,52.8
2010-10-20,51.65,51.93
2010-10-19,51.0,51.34
2010-10-18,50.69,51.19
2010-10-15,50.3,50.97
2010-10-13,48.95,50.19
2010-10-12,48.39,48.58
2010-10-11,48.6,48.8
2010-10-08,47.61,48.81
2010-10-07,48.26,48.33
2010-10-06,47.5,48.51
2010-10-05,46.5,47.33
2010-10-04,46.87,47.03
2010-10-01,46.7,47.49
2010-09-30,46.23,47.28
2010-09-29,47.0,47.3
2010-09-28,46.63,47.05
2010-09-27,47.0,47.1
2010-09-24,45.6,46.99
2010-09-23,46.16,46.53
2010-09-22,45.7,46.22
2010-09-21,45.42,45.99
2010-09-20,45.04,45.54
2010-09-17,45.64,45.88
2010-09-16,44.81,45.22
2010-09-15,45.02,45.27
2010-09-14,44.87,45.36
2010-09-13,44.1,44.88
2010-09-10,43.49,43.78
2010-09-09,42.85,43.79
2010-09-08,42.89,43.15
2010-09-07,43.16,43.34
2010-09-06,43.37,43.46
2010-09-03,43.05,43.79
2010-09-02,42.94,43.24
2010-09-01,41.71,43.13
2010-08-31,41.02,41.63
2010-08-30,42.22,42.22
2010-08-27,41.74,42.16
2010-08-26,41.8,42.37
2010-08-25,41.88,42.12
2010-08-24,42.37,42.47
2010-08-23,42.56,43.08
2010-08-20,43.5,43.74
2010-08-19,44.88,44.9
2010-08-18,44.5,44.88
2010-08-17,43.69,44.75
2010-08-16,43.85,44.13
2010-08-13,44.94,45.0
2010-08-12,44.15,44.98
2010-08-11,44.92,44.95
2010-08-10,45.48,45.75
2010-08-09,45.5,45.85
2010-08-06,45.67,46.29
2010-08-05,46.54,46.54
2010-08-04,45.75,46.73
2010-08-03,45.9,46.19
2010-08-02,45.47,46.52
2010-07-30,44.39,44.99
2010-07-29,46.25,46.41
2010-07-28,46.34,46.4
2010-07-27,47.0,47.06
2010-07-26,46.92,46.96
2010-07-23,46.09,46.99
2010-07-22,44.28,46.08
2010-07-21,44.6,45.22
2010-07-20,44.72,44.94
2010-07-19,44.95,45.35
2010-07-16,46.09,46.82
2010-07-15,46.27,46.8
2010-07-14,46.56,46.95
2010-07-13,45.64,46.84
2010-07-12,45.85,46.39
2010-07-09,45.6,45.92
2010-07-08,44.68,45.3
2010-07-07,44.16,44.56
2010-07-06,43.7,45.26
2010-07-05,43.67,43.79
2010-07-02,44.06,44.88
2010-07-01,44.44,45.15
2010-06-30,45.42,45.71
2010-06-29,46.85,46.9
2010-06-28,46.2,47.54
2010-06-25,46.33,46.79
2010-06-24,47.31,47.53
2010-06-23,46.54,47.52
2010-06-22,46.5,47.04
2010-06-21,47.09,47.31
2010-06-18,46.56,46.74
2010-06-17,46.25,46.83
2010-06-16,46.25,46.69
2010-06-15,45.44,46.19
2010-06-14,45.26,45.91
2010-06-11,44.99,45.22
2010-06-10,43.98,45.42
2010-06-09,43.32,44.4
2010-06-08,43.34,43.34
2010-06-07,42.24,43.28
2010-06-04,43.99,44.62
2010-06-03,43.88,44.12
2010-06-02,42.55,43.18
2010-06-01,42.6,43.41
2010-05-31,42.72,43.44
2010-05-28,43.6,43.66
2010-05-27,42.0,43.52
2010-05-26,41.22,42.4
2010-05-25,40.43,40.96
2010-05-24,42.14,42.4
2010-05-21,42.22,42.35
2010-05-20,44.01,44.22
2010-05-19,45.09,45.14
2010-05-18,45.56,45.87
2010-05-17,43.9,45.49
2010-05-14,46.03,46.31
2010-05-13,45.6,46.2
2010-05-12,43.56,45.19
2010-05-11,43.43,43.59
2010-05-10,42.0,43.79
2010-05-07,41.23,42.67
2010-05-06,42.29,43.41
2010-05-05,42.97,43.45
2010-05-04,44.78,45.08
2010-05-03,43.99,44.75
2010-04-30,44.32,45.12
2010-04-29,46.8,46.95
2010-04-28,46.84,47.19
2010-04-27,48.41,48.83
2010-04-26,48.0,48.71
2010-04-23,46.27,47.78
2010-04-22,46.49,47.24
2010-04-21,46.6,47.21
2010-04-20,45.51,46.22
2010-04-19,45.65,46.01
2010-04-16,46.22,46.87
2010-04-15,46.85,47.03
2010-04-14,46.87,46.92
2010-04-13,46.84,46.99
2010-04-12,47.07,47.12
2010-04-09,46.52,46.99
2010-04-08,46.48,46.48
2010-04-07,47.1,47.19
2010-04-06,47.24,47.28
2010-04-01,46.15,47.06
2010-03-31,45.54,46.1
2010-03-30,45.7,46.25
2010-03-29,45.43,45.86
2010-03-26,45.44,45.45
2010-03-25,44.75,45.47
2010-03-24,44.83,44.9
2010-03-23,44.75,45.15
2010-03-22,44.0,44.71
2010-03-19,44.78,45.04
2010-03-18,44.44,45.09
2010-03-17,44.4,44.65
2010-03-16,43.89,44.44
2010-03-15,44.2,44.35
2010-03-12,44.44,44.74
2010-03-11,44.04,44.49
2010-03-10,43.2,44.37
2010-03-09,43.23,43.49
2010-03-08,43.12,43.42
2010-03-05,42.01,43.1
2010-03-04,41.95,42.2
2010-03-03,42.1,42.32
2010-03-02,42.01,42.26
2010-03-01,41.95,42.37
2010-02-26,41.75,42.15
2010-02-25,41.68,42.77
2010-02-24,41.45,41.47
2010-02-23,41.8,42.23
2010-02-22,42.34,42.37
2010-02-19,41.79,42.17
2010-02-18,41.34,42.19
2010-02-17,41.12,41.99
2010-02-16,40.52,40.84
2010-02-15,40.38,40.8
2010-02-12,40.33,40.71
2010-02-11,40.52,40.88
2010-02-10,40.37,40.99
2010-02-09,39.94,40.42
2010-02-08,39.62,40.28
2010-02-05,40.0,40.13
2010-02-04,42.24,42.26
2010-02-03,42.14,42.7
2010-02-02,41.74,42.09
2010-02-01,40.81,41.88
2010-01-29,40.3,41.57
2010-01-28,40.77,41.35
2010-01-27,39.5,40.77
2010-01-26,39.56,39.94
2010-01-25,39.97,40.37
2010-01-22,40.9,41.11
2010-01-21,41.83,42.25
2010-01-20,42.7,42.7
2010-01-19,42.12,42.93
2010-01-18,41.75,42.48
2010-01-15,42.41,42.99
2010-01-14,42.53,42.77
2010-01-13,41.9,42.48
2010-01-12,43.38,43.4
2010-01-11,44.28,44.44
2010-01-08,44.25,44.44
2010-01-07,44.17,44.38
2010-01-06,44.22,44.69
2010-01-05,44.76,44.8
2010-01-04,43.46,44.85
2009-12-31,43.74,43.87
2009-12-30,43.74,43.87
2009-12-29,43.94,44.04
2009-12-28,44.07,44.14
2009-12-24,43.7,44.0
2009-12-23,43.7,44.0
2009-12-22,43.6,44.06
2009-12-21,43.57,43.69
2009-12-18,43.4,43.88
2009-12-17,43.2,43.61
2009-12-16,42.79,43.8
2009-12-15,42.95,43.19
2009-12-14,43.6,43.85
2009-12-11,42.25,43.43
2009-12-10,41.46,42.69
2009-12-09,41.07,42.13
2009-12-08,42.3,42.59
2009-12-07,42.0,42.83
2009-12-04,41.18,42.37
2009-12-03,41.96,42.5
2009-12-02,40.8,41.8
2009-12-01,40.42,41.04
2009-11-30,41.06,41.06
2009-11-27,39.35,41.08
2009-11-26,41.5,41.6
2009-11-25,41.48,41.94
2009-11-24,40.91,41.95
2009-11-23,40.26,41.75
2009-11-20,40.23,40.55
2009-11-19,40.2,40.45
2009-11-18,40.65,41.2
2009-11-17,40.77,40.92
2009-11-16,40.01,41.2
2009-11-13,39.41,39.93
2009-11-12,39.29,39.98
2009-11-11,39.07,39.83
2009-11-10,38.6,39.08
2009-11-09,38.05,38.53
2009-11-06,37.62,37.9
2009-11-05,36.51,38.01
2009-11-04,36.47,37.26
2009-11-03,36.2,36.71
2009-11-02,36.4,36.88
2009-10-30,37.6,37.8
2009-10-29,35.8,37.54
2009-10-28,38.32,38.5
2009-10-27,38.3,38.64
2009-10-26,38.75,39.68
2009-10-23,39.99,40.17
2009-10-22,39.3,39.66
2009-10-21,40.04,40.46
2009-10-20,40.92,40.98
2009-10-19,39.45,40.88
2009-10-16,40.15,40.59
2009-10-15,40.28,40.44
2009-10-14,38.77,40.61
2009-10-13,38.14,38.57
2009-10-12,37.71,38.68
2009-10-09,37.19,37.76
2009-10-08,36.73,37.61
2009-10-07,36.13,36.65
2009-10-06,34.7,36.18
2009-10-05,34.32,34.94
2009-10-02,34.3,34.89
2009-10-01,36.25,36.59
2009-09-30,35.85,36.59
2009-09-29,36.14,36.5
2009-09-28,35.39,36.36
2009-09-25,35.93,35.95
2009-09-24,36.32,36.74
2009-09-23,36.8,37.31
2009-09-22,36.59,37.23
2009-09-21,36.96,37.0
2009-09-18,36.59,37.99
2009-09-17,37.01,37.05
2009-09-16,35.9,36.86
2009-09-15,35.95,36.43
2009-09-14,35.55,35.88
2009-09-11,36.05,36.49
2009-09-10,36.49,36.77
2009-09-09,36.12,36.55
2009-09-08,36.39,36.67
2009-09-07,35.27,36.27
2009-09-04,34.66,35.21
2009-09-03,35.12,35.32
2009-09-02,36.07,36.29
2009-09-01,37.0,37.47
2009-08-31,36.65,36.77
2009-08-28,36.63,37.58
2009-08-27,36.76,36.88
2009-08-26,37.75,37.86
2009-08-25,36.62,38.41
2009-08-24,36.7,37.22
2009-08-21,35.1,36.3
2009-08-20,34.97,35.55
2009-08-19,34.0,34.68
2009-08-18,33.99,34.46
2009-08-17,34.17,34.65
2009-08-14,35.95,36.39
2009-08-13,34.79,36.13
2009-08-12,34.36,34.79
2009-08-11,35.19,35.59
2009-08-10,35.07,35.34
2009-08-07,34.95,35.4
2009-08-06,35.0,35.84
2009-08-05,35.52,36.08
2009-08-04,35.97,36.0
2009-08-03,35.0,36.49
2009-07-31,34.2,35.45
2009-07-30,33.35,34.2
2009-07-29,34.0,34.9
2009-07-28,34.18,34.81
2009-07-27,34.7,34.9
2009-07-24,34.18,34.85
2009-07-23,33.3,34.58
2009-07-22,32.8,33.49
2009-07-21,31.9,33.4
2009-07-20,31.8,32.46
2009-07-17,32.0,32.08
2009-07-16,31.17,31.85
2009-07-15,29.9,31.06
2009-07-14,29.05,29.81
2009-07-13,27.66,29.15
2009-07-10,27.7,28.39
2009-07-09,27.9,28.2
2009-07-08,27.46,27.92
2009-07-07,27.99,28.23
2009-07-06,27.95,28.18
2009-07-03,27.7,28.0
2009-07-02,28.81,28.86
2009-07-01,28.41,29.26
2009-06-30,29.17,29.62
2009-06-29,28.02,29.27
2009-06-26,28.29,28.66
2009-06-25,28.8,28.85
2009-06-24,28.25,29.08
2009-06-23,27.8,28.66
2009-06-22,29.03,29.11
2009-06-19,28.88,29.36
2009-06-18,29.15,29.4
2009-06-17,30.29,30.42
2009-06-16,30.8,30.9
2009-06-15,31.22,31.38
2009-06-12,32.03,32.1
2009-06-11,30.92,31.6
2009-06-10,31.25,31.64
2009-06-09,30.98,31.15
2009-06-08,31.18,31.34
2009-06-05,31.74,32.25
2009-06-04,31.68,32.24
2009-06-03,31.83,31.99
2009-06-02,31.75,32.14
2009-06-01,30.53,32.12
2009-05-29,30.48,30.49
2009-05-28,30.09,30.7
2009-05-27,30.77,30.77
2009-05-26,29.71,30.63
2009-05-25,30.04,30.13
2009-05-22,29.65,30.39
2009-05-21,30.25,30.35
2009-05-20,28.95,30.96
2009-05-19,29.2,29.5
2009-05-18,27.5,28.85
2009-05-15,27.6,28.15
2009-05-14,28.01,28.12
2009-05-13,29.5,29.63
2009-05-12,29.35,29.89
2009-05-11,29.45,29.64
2009-05-08,29.14,30.05
2009-05-07,29.06,29.48
2009-05-06,28.67,29.68
2009-05-05,28.9,29.92
2009-05-04,27.79,29.05
2009-05-01,28.57,28.57
2009-04-30,28.2,29.15
2009-04-29,26.5,26.89
2009-04-28,27.0,27.04
2009-04-27,26.67,27.47
2009-04-24,26.03,27.2
2009-04-23,26.0,26.3
2009-04-22,25.67,26.62
2009-04-21,26.01,26.33
2009-04-20,26.72,27.13
2009-04-17,27.07,27.39
2009-04-16,26.96,27.51
2009-04-15,27.17,27.54
2009-04-14,26.75,27.99
2009-04-10,26.89,26.89
2009-04-09,25.62,27.18
2009-04-08,24.63,25.35
2009-04-07,25.8,26.0
2009-04-06,26.19,26.9
2009-04-03,24.9,26.98
2009-04-02,23.77,25.22
2009-04-01,22.69,23.34
2009-03-31,22.39,22.9
2009-03-30,23.3,23.35
2009-03-27,24.21,24.21
2009-03-26,24.13,24.39
2009-03-25,24.85,24.93
2009-03-24,24.87,24.93
2009-03-23,24.64,24.7
2009-03-20,23.22,24.16
2009-03-19,23.46,24.27
2009-03-18,24.1,24.4
2009-03-17,23.93,24.29
2009-03-16,24.65,24.78
2009-03-13,24.77,25.26
2009-03-12,23.15,24.49
2009-03-11,22.66,23.98
2009-03-10,20.69,23.08
2009-03-09,20.84,20.87
2009-03-06,20.7,21.37
2009-03-05,21.9,21.95
2009-03-04,21.0,22.36
2009-03-03,21.05,21.3
2009-03-02,21.52,21.66
2009-02-27,22.4,22.48
2009-02-26,21.94,23.22
2009-02-25,22.05,22.29
2009-02-24,21.15,21.96
2009-02-23,22.19,22.49
2009-02-20,22.5,22.68
2009-02-19,23.25,23.32
2009-02-18,23.32,23.63
2009-02-17,24.26,24.27
2009-02-16,24.25,24.8
2009-02-13,24.32,25.11
2009-02-12,24.75,24.79
2009-02-11,24.77,24.99
2009-02-10,25.7,25.97
2009-02-09,25.56,26.33
2009-02-06,24.03,26.18
2009-02-05,23.7,24.18
2009-02-04,22.68,24.55
2009-02-03,22.3,22.65
2009-02-02,22.33,22.62
2009-01-30,23.58,23.9
2009-01-29,22.75,23.9
2009-01-28,22.36,22.93
2009-01-27,22.37,22.61
2009-01-26,21.8,22.83
2009-01-23,22.57,22.75
2009-01-22,23.53,23.85
2009-01-21,22.46,23.37
2009-01-20,22.57,23.57
2009-01-19,24.1,24.24
2009-01-16,23.65,24.29
2009-01-15,24.25,24.35
2009-01-14,25.84,25.84
2009-01-13,25.3,25.5
2009-01-12,25.76,25.91
2009-01-09,26.79,26.79
2009-01-08,26.01,26.94
2009-01-07,27.53,27.53
2009-01-06,27.77,28.1
2009-01-05,28.05,28.38
2009-01-02,27.9,28.1
2009-01-01,27.73,27.73
2008-12-31,27.73,27.73
2008-12-30,27.3,27.85
2008-12-29,26.77,27.0
2008-12-26,26.0,26.0
2008-12-25,26.0,26.0
2008-12-24,26.0,26.0
2008-12-23,26.35,26.52
2008-12-22,26.42,26.58
2008-12-19,26.4,26.99
2008-12-18,26.67,26.84
2008-12-17,26.5,26.69
2008-12-16,25.5,26.42
2008-12-15,25.78,25.92
2008-12-12,24.5,25.45
2008-12-11,25.96,26.29
2008-12-10,25.94,26.49
2008-12-09,24.5,25.81
2008-12-08,24.24,25.58
2008-12-05,23.21,23.3
2008-12-04,23.2,24.62
2008-12-03,23.26,23.46
2008-12-02,22.75,24.22
2008-12-01,24.86,24.95
2008-11-28,25.15,25.25
2008-11-27,24.86,25.28
2008-11-26,25.0,25.12
2008-11-25,24.1,25.5
2008-11-24,22.1,24.5
2008-11-21,22.76,23.28
2008-11-20,21.29,23.03
2008-11-19,25.4,25.65
2008-11-18,25.85,25.89
2008-11-17,25.88,26.47
2008-11-14,26.7,27.27
2008-11-13,25.28,25.99
2008-11-12,26.51,26.82
2008-11-11,26.6,27.16
2008-11-10,26.91,28.31
2008-11-07,25.54,26.6
2008-11-06,26.8,27.43
2008-11-05,28.98,29.18
2008-11-04,26.92,29.44
2008-11-03,27.05,27.99
2008-10-31,24.5,26.72
2008-10-30,25.46,26.12
2008-10-29,23.75,25.36
2008-10-28,21.45,21.95
2008-10-27,21.0,21.33
2008-10-24,22.55,22.77
2008-10-23,24.03,24.21
2008-10-22,24.4,24.7
2008-10-21,25.44,25.96
2008-10-20,25.25,25.3
2008-10-17,25.45,25.47
2008-10-16,25.0,25.34
2008-10-15,29.3,29.3
2008-10-14,30.11,30.75
2008-10-13,27.52,28.49
2008-10-10,26.2,26.43
2008-10-09,28.85,29.97
2008-10-08,30.24,30.49
2008-10-07,32.0,32.21
2008-10-06,32.3,32.75
2008-10-03,32.45,33.57
2008-10-02,33.92,34.42
2008-10-01,34.34,34.34
2008-09-30,33.05,33.96
2008-09-29,34.78,34.78
2008-09-26,34.92,35.2
2008-09-25,34.75,35.48
2008-09-24,34.4,34.86
2008-09-23,34.08,34.52
2008-09-22,35.0,35.19
2008-09-19,33.61,34.98
2008-09-18,33.83,34.25
2008-09-17,35.16,35.42
2008-09-16,35.92,35.94
2008-09-15,36.9,36.98
2008-09-12,37.52,38.02
2008-09-11,37.21,37.46
2008-09-10,37.55,37.82
2008-09-09,38.5,38.54
2008-09-08,38.92,39.0
2008-09-05,38.77,39.0
2008-09-04,39.82,39.97
2008-09-03,39.61,40.09
2008-09-02,39.26,40.19
2008-09-01,39.16,39.7
2008-08-29,39.17,39.6
2008-08-28,39.18,39.5
2008-08-27,39.33,39.49
2008-08-26,39.27,39.76
2008-08-25,39.39,39.69
2008-08-22,39.37,39.58
2008-08-21,39.41,39.64
2008-08-20,39.93,40.23
2008-08-19,39.85,40.0
2008-08-18,39.6,40.35
2008-07-28,41.99,42.05
2008-07-25,40.75,42.24
2008-07-24,41.9,42.19
2008-07-23,42.6,42.6
2008-07-22,41.34,42.28
2008-07-21,40.92,42.09
2008-07-18,41.11,41.67
2008-07-17,40.28,41.11
2008-07-16,40.7,40.78
2008-07-15,40.47,40.68
2008-07-14,40.81,41.13
2008-07-11,41.5,41.63
2008-07-10,41.05,42.0
2008-07-09,42.0,42.07
2008-07-08,41.94,42.28
2008-07-07,42.75,42.95
2008-07-04,43.4,43.4
2008-07-03,42.3,43.03
2008-07-02,43.5,43.69
2008-07-01,43.5,43.72
2008-06-30,43.8,44.29
2008-06-27,44.6,44.69
2008-06-26,89.95,90.34
2008-06-25,90.87,90.94
2008-06-24,91.5,91.5
2008-06-23,89.99,91.17
2008-06-20,92.12,92.67
2008-06-19,92.99,93.7
2008-06-18,94.34,94.35
2008-06-17,93.43,94.78
2008-06-16,95.24,95.5
2008-06-13,94.37,95.1
2008-06-12,93.8,94.88
2008-06-11,93.92,94.8
2008-06-10,95.93,95.93
2008-06-09,94.5,96.25
2008-06-06,96.23,97.08
2008-06-05,96.53,97.11
2008-06-04,95.8,97.11
2008-06-03,95.02,96.8
2008-06-02,96.7,96.89
2008-05-30,96.8,96.8
2008-05-29,95.22,95.74
2008-05-28,93.64,95.58
2008-05-27,94.18,94.7
2008-05-26,93.15,94.5
2008-05-23,95.5,95.79
2008-05-22,93.5,94.5
2008-05-21,93.5,95.0
2008-05-20,92.6,93.27
2008-05-19,93.11,93.46
2008-05-16,92.28,93.56
2008-05-15,90.8,91.64
2008-05-14,91.68,91.97
2008-05-13,89.77,91.36
2008-05-12,89.49,90.38
2008-05-09,89.94,90.08
2008-05-08,90.04,90.79
2008-05-07,90.84,91.54
2008-05-06,91.58,92.1
2008-05-05,90.69,92.1
2008-05-02,92.12,92.12
2008-04-30,90.26,92.1
2008-04-29,90.17,91.12
2008-04-28,90.28,90.86
2008-04-25,90.51,91.05
2008-04-24,93.0,94.27
2008-04-23,92.01,93.59
2008-04-22,93.0,93.73
2008-04-21,93.76,93.77
2008-04-18,91.51,93.53
2008-04-17,91.65,92.35
2008-04-16,90.69,91.88
2008-04-15,89.8,90.6
2008-04-14,87.69,88.86
2008-04-11,90.65,90.96
2008-04-10,88.8,90.03
2008-04-09,89.0,90.34
2008-04-08,89.01,89.43
2008-04-07,89.19,89.96
2008-04-04,89.0,89.98
2008-04-03,89.47,89.74
2008-04-02,87.75,89.18
2008-04-01,84.71,87.52
2008-03-31,85.65,86.22
2008-03-28,85.75,85.9
2008-03-27,84.39,86.3
2008-03-26,84.71,85.72
2008-03-25,85.75,86.19
2008-03-24,83.73,83.73
2008-03-21,83.73,83.73
2008-03-20,84.1,85.99
2008-03-19,86.4,86.81
2008-03-18,84.44,85.69
2008-03-17,81.7,84.7
2008-03-14,84.37,86.0
2008-03-13,83.21,84.3
2008-03-12,85.58,86.57
2008-03-11,82.58,85.2
2008-03-10,82.46,83.7
2008-03-07,83.3,83.95
2008-03-06,86.0,86.0
2008-03-05,82.95,85.12
2008-03-04,83.69,84.65
2008-03-03,82.8,83.63
2008-02-29,84.56,85.19
2008-02-28,86.28,86.61
2008-02-27,86.79,86.85
2008-02-26,85.1,86.87
2008-02-25,85.36,85.85
2008-02-22,84.68,86.0
2008-02-21,86.9,88.1
2008-02-20,87.35,87.37
2008-02-19,87.04,88.7
2008-02-18,86.5,87.83
2008-02-15,87.08,88.19
2008-02-14,87.69,88.39
2008-02-13,85.82,87.2
2008-02-12,84.44,86.78
2008-02-11,83.1,85.0
2008-02-08,84.51,85.73
2008-02-07,85.8,85.8
2008-02-06,83.89,86.27
2008-02-05,87.69,87.9
2008-02-04,88.84,89.17
2008-02-01,87.94,89.02
2008-01-31,86.06,87.91
2008-01-30,85.88,86.59
2008-01-29,83.95,86.96
2008-01-28,82.65,83.82
2008-01-25,85.28,86.62
2008-01-24,83.89,85.0
2008-01-23,86.78,86.78
2008-01-22,80.25,87.53
2008-01-21,90.45,90.46
2008-01-18,94.49,94.5
2008-01-17,95.99,96.34
2008-01-16,98.0,98.85
2008-01-15,99.1,101.02
2008-01-14,99.84,100.22
2008-01-11,99.75,100.5
2008-01-10,105.0,105.0
2008-01-09,104.0,105.74
2008-01-08,104.58,105.5
2008-01-07,101.95,104.45
2008-01-04,102.0,103.42
2008-01-03,100.9,102.31
2008-01-02,100.59,102.45
2008-01-01,101.41,101.41
2007-12-31,101.41,101.41
2007-12-28,101.29,101.63
2007-12-27,101.8,102.0
2007-12-26,101.08,101.08
2007-12-25,101.08,101.08
2007-12-24,101.08,101.08
2007-12-21,99.5,101.59
2007-12-20,98.27,99.28
2007-12-19,97.82,98.55
2007-12-18,96.85,98.68
2007-12-17,97.54,97.8
2007-12-14,98.88,99.65
2007-12-13,97.61,99.88
2007-12-12,96.34,98.9
2007-12-11,96.63,97.0
2007-12-10,97.0,97.36
2007-12-07,97.11,97.94
2007-12-06,96.9,98.29
2007-12-05,95.27,96.5
2007-12-04,94.25,95.67
2007-12-03,95.0,95.85
2007-11-30,94.0,95.45
2007-11-29,93.81,94.86
2007-11-28,91.15,93.79
2007-11-27,91.44,91.48
2007-11-26,92.61,93.3
2007-11-23,93.0,93.13
2007-11-22,91.36,93.18
2007-11-21,90.24,91.49
2007-11-20,88.33,91.22
2007-11-19,89.75,90.24
2007-11-16,90.17,90.77
2007-11-15,93.0,93.51
2007-11-14,93.42,93.51
2007-11-13,91.4,92.51
2007-11-12,92.33,92.96
2007-11-09,93.5,93.85
2007-11-08,92.93,94.84
2007-11-07,93.8,94.33
2007-11-06,93.02,94.49
2007-11-05,92.1,93.57
2007-11-02,92.0,93.43
2007-11-01,95.95,96.4
2007-10-31,95.91,96.39
2007-10-30,98.49,98.49
2007-10-29,98.4,98.5
2007-10-26,97.57,98.45
2007-10-25,96.0,97.79
2007-10-24,96.99,97.0
2007-10-23,95.65,96.68
2007-10-22,95.32,96.43
2007-10-19,95.46,97.19
2007-10-18,96.39,96.5
2007-10-17,96.45,96.94
2007-10-16,95.0,95.38
2007-10-15,95.25,95.85
2007-10-12,95.0,95.61
2007-10-11,95.01,95.9
2007-10-10,96.35,96.36
2007-10-09,97.21,97.44
2007-10-08,96.34,97.88
2007-10-05,95.2,96.08
2007-10-04,95.0,95.61
2007-10-03,96.19,96.25
2007-10-02,97.15,97.65
2007-10-01,96.9,97.59
2007-09-28,97.0,97.4
2007-09-27,97.05,97.5
2007-09-26,97.39,97.93
2007-09-25,96.45,97.88
2007-09-24,95.85,97.4
2007-09-21,96.11,97.0
2007-09-20,96.28,96.91
2007-09-19,96.1,96.64
2007-09-18,93.2,95.11
2007-09-17,92.99,94.29
2007-09-14,93.13,93.65
2007-09-13,91.9,93.43
2007-09-12,92.75,93.0
2007-09-11,92.7,93.86
2007-09-10,93.5,93.93
2007-09-07,94.85,96.14
2007-09-06,95.89,96.29
2007-09-05,96.94,97.29
2007-09-04,95.83,97.74
2007-09-03,97.1,97.39
2007-08-31,95.95,97.24
2007-08-30,94.36,95.85
2007-08-29,92.01,94.43
2007-08-28,92.78,93.83
2007-08-27,92.82,94.0
2007-08-24,91.84,93.0
2007-08-23,93.34,93.83
2007-08-22,92.35,93.87
2007-08-21,91.22,92.49
2007-08-20,90.27,91.22
2007-08-17,88.8,92.93
2007-08-16,90.02,91.16
2007-08-15,91.4,92.5
2007-08-14,92.47,93.0
2007-08-13,92.1,93.5
2007-08-10,90.1,92.69
2007-08-09,93.34,94.17
2007-08-08,94.46,94.9
2007-08-07,93.9,94.29
2007-08-06,91.75,93.95
2007-08-03,93.9,93.99
2007-08-02,92.91,94.17
2007-08-01,92.97,94.6
2007-07-31,94.89,95.35
2007-07-30,91.51,94.5
2007-07-27,92.1,93.0
2007-07-26,95.2,96.17
2007-07-25,95.0,96.34
2007-07-24,97.74,98.28
2007-07-23,97.9,98.0
2007-07-20,98.56,99.38
2007-07-19,98.4,98.99
2007-07-18,98.55,99.15
2007-07-17,98.58,99.81
2007-07-16,98.94,100.75
2007-07-13,99.0,99.62
2007-07-12,96.32,97.21
2007-07-11,96.01,96.24
2007-07-10,98.88,99.48
2007-07-09,99.3,100.04
2007-07-06,96.75,98.64
2007-07-05,97.77,98.34
2007-07-04,97.6,97.9
2007-07-03,97.0,97.76
2007-07-02,96.5,96.85
2007-06-29,95.43,97.37
2007-06-28,93.45,94.94
2007-06-27,92.54,93.09
2007-06-26,92.79,93.73
2007-06-25,93.65,95.0
2007-06-22,94.61,95.55
2007-06-21,95.6,95.94
2007-06-20,95.3,97.85
2007-06-19,93.94,95.15
2007-06-18,92.82,94.96
2007-06-15,89.8,92.1
2007-06-14,88.5,89.5
2007-06-13,87.85,88.25
2007-06-12,87.55,88.78
2007-06-11,86.73,88.36
2007-06-08,86.5,87.44
2007-06-07,89.0,89.47
2007-06-06,92.38,92.5
2007-06-05,92.26,93.1
2007-06-04,92.2,92.98
2007-06-01,92.45,93.2
2007-05-31,90.22,93.02
2007-05-30,90.06,90.27
2007-05-29,91.5,91.65
2007-05-28,90.89,90.89
2007-05-25,90.0,91.92
2007-05-24,90.1,91.39
2007-05-23,91.17,91.58
2007-05-22,91.58,91.58
2007-05-21,90.08,91.81
2007-05-18,88.11,90.28
2007-05-17,89.1,89.49
2007-05-16,88.26,89.35
2007-05-15,87.3,88.9
2007-05-14,87.9,88.4
2007-05-11,86.63,87.89
2007-05-10,88.33,88.57
2007-05-09,88.46,88.46
2007-05-08,88.39,88.45
2007-05-07,88.5,88.88
2007-05-04,87.67,88.6
2007-05-03,87.64,87.85
2007-05-02,87.25,87.41
2007-05-01,87.43,87.43
2007-04-30,87.7,87.84
2007-04-27,85.9,87.9
2007-04-26,92.0,92.7
2007-04-25,89.5,90.6
2007-04-24,89.0,90.17
2007-04-23,89.61,89.92
2007-04-20,88.85,90.06
2007-04-19,88.01,89.48
2007-04-18,90.15,90.2
2007-04-17,90.51,90.7
2007-04-16,89.3,91.19
2007-04-13,86.5,89.27
2007-04-12,86.55,87.01
2007-04-11,87.98,88.44
2007-04-10,87.0,87.89
2007-04-09,86.77,86.77
2007-04-06,86.77,86.77
2007-04-05,85.4,86.96
2007-04-04,84.96,86.36
2007-04-03,84.6,85.41
2007-04-02,84.2,84.58
2007-03-30,83.58,84.89
2007-03-29,82.55,84.28
2007-03-28,81.12,82.79
2007-03-27,80.0,81.68
2007-03-26,78.52,80.19
2007-03-23,79.9,80.04
2007-03-22,79.5,79.75
2007-03-21,77.51,78.23
2007-03-20,77.08,77.99
2007-03-19,77.0,77.63
2007-03-16,76.3,76.85
2007-03-15,76.64,77.13
2007-03-14,76.5,76.64
2007-03-13,79.3,79.3
2007-03-12,78.7,79.65
2007-03-09,78.01,78.84
2007-03-08,78.35,78.59
2007-03-07,77.11,78.55
2007-03-06,76.71,77.88
2007-03-05,75.28,76.7
2007-03-02,77.0,78.17
2007-03-01,76.52,79.08
2007-02-28,78.2,79.0
2007-02-27,79.49,79.95
2007-02-26,79.45,80.58
2007-02-23,79.77,80.3
2007-02-22,78.9,80.54
2007-02-21,75.78,76.85
2007-02-20,75.93,76.11
2007-02-19,76.21,76.74
2007-02-16,76.6,77.09
2007-02-15,76.76,76.94
2007-02-14,76.81,77.07
2007-02-13,76.84,76.95
2007-02-12,76.5,76.66
2007-02-09,76.42,77.61
2007-02-08,76.61,76.86
2007-02-07,76.71,77.32
2007-02-06,75.85,77.13
2007-02-05,75.27,75.87
2007-02-02,75.57,75.9
2007-02-01,74.19,76.17
2007-01-31,73.35,74.44
2007-01-30,72.51,73.3
2007-01-29,72.45,73.16
2007-01-26,71.78,72.25
2007-01-25,72.7,72.72
2007-01-24,72.8,73.34
2007-01-23,72.46,72.94
2007-01-22,73.38,73.76
2007-01-19,73.2,73.63
2007-01-18,74.35,74.47
2007-01-17,74.0,74.88
2007-01-16,74.0,74.25
2007-01-15,73.86,74.65
2007-01-12,72.78,73.99
2007-01-11,72.47,73.0
2007-01-10,72.69,72.97
2007-01-09,73.46,74.73
2007-01-08,73.27,73.36
2007-01-05,73.81,74.27
2007-01-04,73.99,74.27
2007-01-03,74.86,74.86
2007-01-02,74.4,74.82
2007-01-01,73.85,73.85
2006-12-29,74.34,74.5
2006-12-28,74.42,74.48
2006-12-27,73.28,74.2
2006-12-26,72.94,72.94
2006-12-25,72.94,72.94
2006-12-22,73.54,73.97
2006-12-21,73.32,73.94
2006-12-20,72.22,74.21
2006-12-19,72.09,72.43
2006-12-18,72.8,72.94
2006-12-15,71.9,72.99
2006-12-14,71.95,71.96
2006-12-13,71.35,71.88
2006-12-12,71.01,71.5
2006-12-11,71.36,71.36
2006-12-08,70.53,71.2
2006-12-07,70.37,71.18
2006-12-06,70.29,70.7
2006-12-05,69.2,70.54
2006-12-04,69.21,69.9
2006-12-01,69.77,70.29
2006-11-30,69.98,70.49
2006-11-29,69.82,70.43
2006-11-28,69.5,70.14
2006-11-27,70.7,70.7
2006-11-24,71.31,71.47
2006-11-23,70.25,71.94
2006-11-22,70.28,70.56
2006-11-21,70.15,70.43
2006-11-20,70.02,70.32
2006-11-17,70.17,70.63
2006-11-16,70.78,70.89
2006-11-15,70.7,70.88
2006-11-14,69.96,70.54
2006-11-13,69.7,70.41
2006-11-10,68.7,70.03
2006-11-09,68.87,69.19
2006-11-08,68.0,68.8
2006-11-07,68.0,68.8
2006-11-06,67.1,67.98
2006-11-03,67.47,67.7
2006-11-02,67.92,68.45
2006-11-01,68.77,69.25
2006-10-31,68.78,69.22
2006-10-30,68.2,69.09
2006-10-27,68.6,69.2
2006-10-26,67.85,68.73
2006-10-25,67.14,67.77
2006-10-24,67.0,67.54
2006-10-23,67.25,67.6
2006-10-20,66.7,67.17
2006-10-19,65.97,66.81
2006-10-18,65.49,66.38
2006-10-17,65.4,65.65
2006-10-16,65.7,66.05
2006-10-13,65.95,65.98
2006-10-12,65.49,65.92
2006-10-11,65.12,65.45
2006-10-10,65.2,65.45
2006-10-09,64.6,65.2
2006-10-06,64.74,65.07
2006-10-05,65.02,65.02
2006-10-04,63.3,64.83
2006-10-03,63.7,63.74
2006-10-02,63.6,63.9
2006-09-29,62.75,63.59
2006-09-28,63.02,63.25
2006-09-27,63.4,63.49
2006-09-26,62.75,63.36
2006-09-25,62.34,62.67
2006-09-22,62.45,62.8
2006-09-21,62.33,63.19
2006-09-20,61.4,62.29
2006-09-19,62.1,62.1
2006-09-18,62.7,62.74
2006-09-15,62.64,62.9
2006-09-14,63.4,63.4
2006-09-13,63.43,63.62
2006-09-12,63.2,63.4
2006-09-11,63.0,63.37
2006-09-08,63.3,63.65
2006-09-07,63.17,63.5
2006-09-06,64.69,64.73
2006-09-05,64.75,65.02
2006-09-04,64.95,65.15
2006-09-01,64.15,65.09
2006-08-31,65.0,65.3
2006-08-30,64.45,65.12
2006-08-29,64.2,64.6
2006-08-28,63.3,64.33
2006-08-25,63.24,64.15
2006-08-24,62.59,63.7
2006-08-23,63.33,63.35
2006-08-22,63.59,63.64
2006-08-21,63.4,63.61
2006-08-18,63.35,63.8
2006-08-17,63.0,63.49
2006-08-16,62.52,63.05
2006-08-15,61.66,62.72
2006-08-14,61.8,62.45
2006-08-11,61.63,61.89
2006-08-10,61.85,62.04
2006-08-09,61.8,62.59
2006-08-08,61.94,62.03
2006-08-07,61.7,61.95
2006-08-04,62.7,62.89
2006-08-03,62.5,62.5
2006-08-02,62.9,62.98
2006-08-01,62.3,63.46
2006-07-31,62.37,63.3
2006-07-28,62.5,62.66
2006-07-27,63.4,63.85
2006-07-26,62.56,63.12
2006-07-25,62.53,62.91
2006-07-24,61.7,62.62
2006-07-21,61.72,62.1
2006-07-20,61.86,62.4
2006-07-19,61.2,62.02
2006-07-18,60.64,61.34
2006-07-17,61.16,61.18
2006-07-14,61.2,61.39
2006-07-13,62.2,62.43
2006-07-12,62.9,63.42
2006-07-11,62.37,63.07
2006-07-10,62.31,63.18
2006-07-07,62.35,63.2
2006-07-06,62.6,62.68
2006-07-05,63.17,63.74
2006-07-04,63.2,63.88
2006-07-03,62.88,63.49
2006-06-30,62.29,62.95
2006-06-29,60.1,61.86
2006-06-28,60.0,60.37
2006-06-27,61.2,61.49
2006-06-26,61.28,61.37
2006-06-23,61.0,61.4
2006-06-22,61.05,61.47
2006-06-21,60.25,60.5
2006-06-20,59.25,60.22
2006-06-19,59.77,60.11
2006-06-16,59.16,59.16
2006-06-15,59.16,59.16
2006-06-14,59.1,59.65
2006-06-13,59.15,59.47
2006-06-12,60.91,61.16
2006-06-09,61.45,61.63
2006-06-08,61.54,62.14
2006-06-07,62.12,63.09
2006-06-06,62.03,63.22
2006-06-05,63.15,63.71
2006-06-02,64.17,64.23
2006-06-01,63.5,64.03
2006-05-31,62.33,64.01
2006-05-30,64.7,64.75
2006-05-29,64.88,65.25
2006-05-26,64.53,65.22
2006-05-25,63.5,64.57
2006-05-24,63.78,63.78
2006-05-23,62.38,64.14
2006-05-22,63.5,63.87
2006-05-19,63.6,64.4
2006-05-18,63.93,64.54
2006-05-17,65.59,65.94
2006-05-16,65.2,65.84
2006-05-15,66.0,66.15
2006-05-12,67.55,67.9
2006-05-11,68.14,69.05
2006-05-10,68.25,68.62
2006-05-09,68.06,68.95
2006-05-08,68.81,69.11
2006-05-05,67.52,68.9
2006-05-04,68.28,69.49
2006-05-03,68.75,68.99
2006-05-02,67.14,68.88
2006-04-28,68.19,68.71
2006-04-27,68.82,69.0
2006-04-26,68.74,69.55
2006-04-25,69.29,69.4
2006-04-24,69.0,69.6
2006-04-21,68.0,69.9
2006-04-20,65.27,68.35
2006-04-19,64.75,65.47
2006-04-18,64.2,64.29
2006-04-17,64.15,64.15
2006-04-14,64.15,64.15
2006-04-13,63.25,64.43
2006-04-12,63.45,63.6
2006-04-11,63.55,64.17
2006-04-10,63.56,64.2
2006-04-07,64.35,64.48
2006-04-06,64.36,64.72
2006-04-05,64.75,64.93
2006-04-04,65.06,65.23
2006-04-03,64.57,65.2
2006-03-31,65.08,65.25
2006-03-30,64.85,65.5
2006-03-29,64.31,64.68
2006-03-28,64.85,65.1
2006-03-27,66.0,66.1
2006-03-24,64.3,66.04
2006-03-23,64.15,64.5
2006-03-22,62.8,64.38
2006-03-21,63.6,63.6
2006-03-20,63.28,63.95
2006-03-17,63.45,64.18
2006-03-16,63.15,63.7
2006-03-15,62.62,63.09
2006-03-14,62.25,62.56
2006-03-13,62.5,62.85
2006-03-10,62.45,62.82
2006-03-09,62.95,63.0
2006-03-08,62.35,63.1
2006-03-07,61.43,62.86
2006-03-06,62.85,63.15
2006-03-03,63.06,63.7
2006-03-02,64.0,64.3
2006-03-01,63.49,63.9
2006-02-28,64.18,64.61
2006-02-27,63.8,64.19
2006-02-24,63.18,63.72
2006-02-23,63.4,63.62
2006-02-22,63.6,63.6
2006-02-21,63.0,63.69
2006-02-20,62.78,63.1
2006-02-17,63.05,63.34
2006-02-16,63.41,63.7
2006-02-15,64.25,64.4
2006-02-14,63.8,64.44
2006-02-13,63.6,63.94
2006-02-10,64.46,64.59
2006-02-09,64.41,64.62
2006-02-08,64.02,64.37
2006-02-07,64.5,64.97
2006-02-06,64.98,65.19
2006-02-03,64.8,65.1
2006-02-02,65.7,65.83
2006-02-01,64.95,65.58
2006-01-31,63.78,64.9
2006-01-30,64.0,64.23
2006-01-27,63.4,64.55
2006-01-26,62.77,63.5
2006-01-25,62.1,62.97
2006-01-24,61.94,62.32
2006-01-23,61.5,62.12
2006-01-20,62.95,63.06
2006-01-19,63.05,63.84
2006-01-18,63.0,63.76
2006-01-17,63.3,63.9
2006-01-16,62.63,63.6
2006-01-13,63.39,63.65
2006-01-12,63.18,63.55
2006-01-11,62.36,63.12
2006-01-10,62.83,62.83
2006-01-09,63.4,63.85
2006-01-06,63.55,63.73
2006-01-05,62.85,63.67
2006-01-04,64.2,64.23
2006-01-03,64.81,65.12
2006-01-02,64.7,65.14
2005-12-30,65.0,65.19
2005-12-29,65.35,65.48
2005-12-28,65.15,65.2
2005-12-27,64.89,65.2
2005-12-26,64.93,64.93
2005-12-23,64.88,64.98
2005-12-22,64.65,64.94
2005-12-21,64.49,64.95
2005-12-20,63.67,64.4
2005-12-19,64.11,64.39
2005-12-16,63.46,64.44
2005-12-15,63.15,63.58
2005-12-14,62.7,63.3
2005-12-13,62.83,62.9
2005-12-12,63.45,63.58
2005-12-09,62.68,63.39
2005-12-08,62.46,63.1
2005-12-07,63.42,63.77
2005-12-06,63.09,63.61
2005-12-05,63.5,63.94
2005-12-02,64.0,64.19
2005-12-01,62.87,63.92
2005-11-30,62.56,63.06
2005-11-29,62.66,63.35
2005-11-28,63.28,63.48
2005-11-25,62.75,62.9
2005-11-24,62.5,62.9
2005-11-23,62.49,62.7
2005-11-22,62.2,62.34
2005-11-21,61.78,62.24
2005-11-18,61.91,61.95
2005-11-17,61.47,61.84
2005-11-16,61.65,61.91
2005-11-15,61.18,61.72
2005-11-14,60.84,61.55
2005-11-11,60.4,60.98
2005-11-10,60.5,60.5
2005-11-09,59.42,60.22
2005-11-08,59.73,59.98
2005-11-07,58.8,59.98
2005-11-04,59.29,59.77
2005-11-03,59.41,59.81
2005-11-02,59.02,59.6
2005-11-01,60.15,60.29
2005-10-31,59.3,60.33
2005-10-28,58.02,58.94
2005-10-27,59.27,59.49
2005-10-26,59.3,60.17
2005-10-25,60.36,60.54
2005-10-24,58.72,60.41
2005-10-21,59.52,59.83
2005-10-20,60.19,60.28
2005-10-19,59.75,59.99
2005-10-18,60.82,61.11
2005-10-17,61.4,61.58
2005-10-14,61.51,61.97
2005-10-13,61.35,61.97
2005-10-12,62.17,62.55
2005-10-11,63.4,64.07
2005-10-10,63.02,63.83
2005-10-07,62.77,63.05
2005-10-06,62.91,63.05
2005-10-05,64.12,64.19
2005-10-04,63.99,64.6
2005-10-03,62.81,64.25
2005-09-30,62.0,62.5
2005-09-29,61.72,61.95
2005-09-28,61.05,61.8
2005-09-27,60.9,61.15
2005-09-26,59.75,61.25
2005-09-23,58.86,59.38
2005-09-22,58.6,59.35
2005-09-21,59.8,59.83
2005-09-20,60.23,60.65
2005-09-19,59.1,60.2
2005-09-16,59.42,60.73
2005-09-15,59.42,59.86
2005-09-14,59.68,60.05
2005-09-13,60.85,60.85
2005-09-12,60.4,60.89
2005-09-09,60.0,60.54
2005-09-08,59.74,60.15
2005-09-07,59.39,59.92
2005-09-06,58.56,59.45
2005-09-05,58.1,58.67
2005-09-02,57.71,58.17
2005-09-01,57.1,57.94
2005-08-31,56.68,57.23
2005-08-30,56.68,57.21
2005-08-29,55.61,56.75
2005-08-26,57.4,57.63
2005-08-25,57.81,57.81
2005-08-24,57.8,58.08
2005-08-23,58.14,58.4
2005-08-22,57.58,58.54
2005-08-19,57.0,57.95
2005-08-18,57.61,57.61
2005-08-17,57.1,57.79
2005-08-16,58.55,58.71
2005-08-15,58.3,58.58
2005-08-12,59.1,59.28
2005-08-11,58.83,59.36
2005-08-10,58.79,59.42
2005-08-09,57.7,58.75
2005-08-08,57.59,58.2
2005-08-05,58.01,58.56
2005-08-04,59.4,59.63
2005-08-03,60.7,61.09
2005-08-02,58.95,59.92
2005-08-01,58.6,59.0
2005-07-29,58.6,59.1
2005-07-28,57.6,58.78
2005-07-27,57.49,57.55
2005-07-26,57.55,58.21
2005-07-25,57.45,57.75
2005-07-22,57.55,57.87
2005-07-21,57.8,58.18
2005-07-20,57.2,57.84
2005-07-19,56.2,57.42
2005-07-18,56.21,56.39
2005-07-15,56.03,56.26
2005-07-14,55.77,56.32
2005-07-13,54.96,55.7
2005-07-12,55.48,55.48
2005-07-11,54.67,55.38
2005-07-08,54.49,54.5
2005-07-07,54.35,54.73
2005-07-06,54.98,55.24
2005-07-05,55.49,55.49
2005-07-04,55.65,55.77
2005-07-01,55.05,55.81
2005-06-30,55.02,55.35
2005-06-29,55.65,55.74
2005-06-28,54.8,55.8
2005-06-27,54.78,55.38
2005-06-24,55.75,55.99
2005-06-23,56.28,56.69
2005-06-22,56.2,56.28
2005-06-21,56.5,56.62
2005-06-20,56.68,56.68
2005-06-17,56.55,57.09
2005-06-16,56.45,56.65
2005-06-15,56.5,56.88
2005-06-14,56.35,56.45
2005-06-13,56.3,56.59
2005-06-10,55.9,56.38
2005-06-09,55.55,55.85
2005-06-08,55.32,55.9
2005-06-07,55.23,55.97
2005-06-06,55.7,55.7
2005-06-03,55.8,55.84
2005-06-02,55.0,55.74
2005-06-01,54.19,55.06
2005-05-31,54.34,54.34
2005-05-30,53.75,54.18
2005-05-27,53.83,53.88
2005-05-26,53.76,53.94
2005-05-25,53.5,54.09
2005-05-24,53.0,53.53
2005-05-23,53.14,53.15
2005-05-20,52.6,52.93
2005-05-19,52.36,52.85
2005-05-18,51.53,52.3
2005-05-17,51.38,51.38
2005-05-16,50.92,51.47
2005-05-13,51.75,51.77
2005-05-12,52.25,52.39
2005-05-11,52.0,52.57
2005-05-10,52.65,52.77
2005-05-09,52.65,52.74
2005-05-06,51.79,52.73
2005-05-05,51.59,51.96
2005-05-04,51.55,51.76
2005-05-03,51.02,51.76
2005-05-02,50.5,51.24
2005-04-29,49.85,50.41
2005-04-28,52.42,52.44
2005-04-27,52.25,52.39
2005-04-26,52.78,52.78
2005-04-25,51.88,52.97
2005-04-22,51.87,52.25
2005-04-21,51.35,51.71
2005-04-20,52.38,52.65
2005-04-19,51.75,52.28
2005-04-18,50.88,51.19
2005-04-15,52.6,52.78
2005-04-14,53.93,54.0
2005-04-13,55.0,55.1
2005-04-12,55.85,56.08
2005-04-11,55.9,56.0
2005-04-08,56.55,56.55
2005-04-07,56.39,56.6
2005-04-06,55.62,56.28
2005-04-05,55.35,55.64
2005-04-04,54.82,55.24
2005-04-01,54.55,55.81
2005-03-31,54.47,55.04
2005-03-30,54.64,54.68
2005-03-29,54.39,54.97
2005-03-28,54.74,54.74
2005-03-25,54.74,54.74
2005-03-24,55.38,55.45
2005-03-23,54.47,55.34
2005-03-22,54.43,55.14
2005-03-21,54.49,55.26
2005-03-18,55.0,55.1
2005-03-17,55.25,55.39
2005-03-16,56.4,56.82
2005-03-15,56.16,56.58
2005-03-14,55.65,56.07
2005-03-11,56.15,56.43
2005-03-10,56.4,56.75
2005-03-09,56.9,57.8
2005-03-08,58.2,58.2
2005-03-07,57.77,58.5
2005-03-04,56.65,57.64
2005-03-03,56.1,56.79
2005-03-02,56.5,56.69
2005-03-01,56.55,56.84
2005-02-28,56.58,56.89
2005-02-25,56.28,56.42
2005-02-24,55.98,56.14
2005-02-23,55.8,55.92
2005-02-22,56.79,56.79
2005-02-21,56.72,57.02
2005-02-18,56.31,57.1
2005-02-17,56.1,56.61
2005-02-16,56.21,56.3
2005-02-15,55.83,56.4
2005-02-14,55.74,55.83
2005-02-11,54.91,55.76
2005-02-10,55.1,55.45
2005-02-09,54.88,55.27
2005-02-08,54.0,54.55
2005-02-07,53.6,54.23
2005-02-04,53.23,53.7
2005-02-03,53.24,53.24
2005-02-02,52.89,53.13
2005-02-01,52.59,53.03
2005-01-31,52.19,52.65
2005-01-28,52.3,52.42
2005-01-27,51.64,52.15
2005-01-26,51.8,51.96
2005-01-25,51.8,51.9
2005-01-24,51.75,51.89
2005-01-21,52.25,52.4
2005-01-20,52.83,52.87
2005-01-19,52.58,52.98
2005-01-18,52.15,52.44
2005-01-17,52.06,52.81
2005-01-14,51.45,52.39
2005-01-13,51.69,51.91
2005-01-12,51.75,52.17
2005-01-11,52.65,52.67
2005-01-10,52.76,52.97
2005-01-07,52.55,53.16
2005-01-06,52.77,53.0
2005-01-05,53.0,53.0
2005-01-04,53.26,53.44
2005-01-03,52.84,53.99
2004-12-31,53.0,53.0
2004-12-30,52.94,53.05
2004-12-29,52.95,52.95
2004-12-28,52.8,52.9
2004-12-27,52.01,52.75
2004-12-24,52.3,52.3
2004-12-23,51.56,52.33
2004-12-22,52.2,52.36
2004-12-21,51.73,52.08
2004-12-20,51.1,52.0
2004-12-17,51.95,52.06
2004-12-16,51.42,51.82
2004-12-15,51.7,51.81
2004-12-14,52.0,52.2
2004-12-13,51.79,52.08
2004-12-10,51.34,51.59
2004-12-09,51.4,51.5
2004-12-08,52.0,52.0
2004-12-07,52.35,52.68
2004-12-06,51.65,52.3
2004-12-03,51.82,52.09
2004-12-02,51.98,52.31
2004-12-01,50.47,52.12
2004-11-30,51.44,51.44
2004-11-29,51.01,52.1
2004-11-26,50.9,51.28
2004-11-25,50.8,51.3
2004-11-24,50.95,50.95
2004-11-23,50.94,50.94
2004-11-22,50.81,50.94
2004-11-19,50.98,51.27
2004-11-18,50.5,51.14
2004-11-17,49.69,50.6
2004-11-16,49.94,50.1
2004-11-15,50.23,50.44
2004-11-12,50.39,50.58
2004-11-11,51.15,51.15
2004-11-10,50.56,51.18
2004-11-09,50.15,50.6
2004-11-08,50.16,50.34
2004-11-05,50.19,50.79
2004-11-04,49.48,49.78
2004-11-03,50.0,50.2
2004-11-02,49.99,49.99
2004-11-01,49.0,49.9
2004-10-29,48.85,49.47
2004-10-28,49.26,49.37
2004-10-27,48.2,48.87
2004-10-26,47.97,48.07
2004-10-25,47.95,48.1
2004-10-22,48.7,49.32
2004-10-21,48.29,48.65
2004-10-20,48.0,48.07
2004-10-19,48.0,48.83
2004-10-18,47.37,47.73
2004-10-15,46.64,47.52
2004-10-14,46.87,46.98
2004-10-13,47.4,47.97
2004-10-12,48.05,48.08
2004-10-11,48.2,48.44
2004-10-08,48.77,49.15
2004-10-07,48.76,49.23
2004-10-06,48.6,48.92
2004-10-05,48.8,49.13
2004-10-04,49.46,49.76
2004-10-01,47.51,48.76
2004-09-30,47.81,48.29
2004-09-29,46.27,47.9
2004-09-28,45.55,46.24
2004-09-27,45.68,45.87
2004-09-24,45.58,46.01
2004-09-23,46.16,46.16
2004-09-22,46.65,46.94
2004-09-21,46.63,46.98
2004-09-20,46.57,46.83
2004-09-17,46.03,46.97
2004-09-16,46.25,46.35
2004-09-15,46.11,46.34
2004-09-14,45.83,46.15
2004-09-13,45.49,46.0
2004-09-10,45.35,45.79
2004-09-09,45.47,45.47
2004-09-08,45.8,45.8
2004-09-07,45.7,45.75
2004-09-06,45.57,45.78
2004-09-03,44.95,45.89
2004-09-02,44.7,45.12
2004-09-01,44.97,45.05
2004-08-31,44.81,45.06
2004-08-30,45.06,45.09
2004-08-27,44.79,45.2
2004-08-26,44.75,44.75
2004-08-25,44.18,44.35
2004-08-24,44.0,44.15
2004-08-23,43.95,44.19
2004-08-20,43.33,43.6
2004-08-19,43.66,43.75
2004-08-18,43.0,43.66
2004-08-17,42.73,43.29
2004-08-16,42.37,43.21
2004-08-13,43.15,43.43
2004-08-12,43.2,43.32
2004-08-11,43.6,43.66
2004-08-10,43.81,43.89
2004-08-09,43.98,44.15
2004-08-06,44.62,44.87
2004-08-05,44.74,45.37
2004-08-04,45.0,45.15
2004-08-03,44.03,44.68
2004-08-02,43.9,44.24
2004-07-30,44.23,44.69
2004-07-29,43.47,44.2
2004-07-28,43.35,43.6
2004-07-27,42.66,43.17
2004-07-26,43.12,43.12
2004-07-23,42.99,43.26
2004-07-22,43.33,43.45
2004-07-21,43.94,44.07
2004-07-20,43.5,43.73
2004-07-19,43.8,43.86
2004-07-16,44.0,44.2
2004-07-15,44.1,44.26
2004-07-14,43.8,44.2
2004-07-13,43.87,44.13
2004-07-12,43.72,44.25
2004-07-09,44.38,44.38
2004-07-08,43.65,44.19
2004-07-07,43.42,44.06
2004-07-06,44.1,44.15
2004-07-05,43.87,44.04
2004-07-02,43.71,44.25
2004-07-01,44.27,44.61
2004-06-30,44.5,44.75
2004-06-29,44.4,44.78
2004-06-28,43.62,44.49
2004-06-25,43.5,43.85
2004-06-24,43.15,43.72
2004-06-23,42.53,43.08
2004-06-22,42.73,42.94
2004-06-21,43.0,43.05
2004-06-18,42.56,42.88
2004-06-17,42.45,42.88
2004-06-16,42.38,42.84
2004-06-15,41.9,42.35
2004-06-14,42.46,42.51
2004-06-11,42.58,42.66
2004-06-10,42.46,42.78
2004-06-09,43.02,43.04
2004-06-08,43.37,43.37
2004-06-07,43.25,43.25
2004-06-04,42.36,42.84
2004-06-03,42.26,42.58
2004-06-02,42.19,42.69
2004-06-01,42.34,42.34
2004-05-31,42.0,42.34
2004-05-28,42.5,42.72
2004-05-27,41.7,42.65
2004-05-26,41.85,42.13
2004-05-25,41.25,41.35
2004-05-24,41.42,42.13
2004-05-21,41.94,41.94
2004-05-20,41.25,41.63
2004-05-19,41.68,42.02
2004-05-18,41.1,41.52
2004-05-17,40.81,41.09
2004-05-14,41.23,41.88
2004-05-13,41.05,41.51
2004-05-12,41.11,41.6
2004-05-11,40.85,41.29
2004-05-10,40.56,41.07
2004-05-07,41.4,41.81
2004-05-06,42.04,42.25
2004-05-05,41.76,42.61
2004-05-04,42.67,42.81
2004-05-03,42.58,42.99
2004-04-30,42.11,43.4
2004-04-29,44.7,44.7
2004-04-28,44.93,45.46
2004-04-27,45.0,45.23
2004-04-26,44.62,45.2
2004-04-23,44.41,44.9
2004-04-22,43.75,44.25
2004-04-21,44.05,44.2
2004-04-20,44.32,44.65
2004-04-19,43.8,44.2
2004-04-16,43.35,44.07
2004-04-15,43.49,43.94
2004-04-14,43.55,43.76
2004-04-13,43.82,44.39
2004-04-12,43.22,43.22
2004-04-09,43.22,43.22
2004-04-08,44.0,44.0
2004-04-07,43.35,43.71
2004-04-06,44.05,44.05
2004-04-05,43.32,44.01
2004-04-02,42.05,43.32
2004-04-01,41.55,42.12
2004-03-31,41.48,41.89
2004-03-30,41.78,41.78
2004-03-29,41.21,41.77
2004-03-26,41.67,41.72
2004-03-25,41.0,41.42
2004-03-24,40.53,40.98
2004-03-23,40.29,41.03
2004-03-22,40.6,40.9
2004-03-19,41.83,41.92
2004-03-18,42.5,42.64
2004-03-17,43.01,43.08
2004-03-16,41.15,42.01
2004-03-15,41.65,41.9
2004-03-12,41.2,42.24
2004-03-11,42.4,42.66
2004-03-10,42.95,43.37
2004-03-09,43.7,43.82
2004-03-08,43.57,43.97
2004-03-05,43.79,43.9
2004-03-04,43.45,43.72
2004-03-03,43.71,43.99
2004-03-02,44.23,44.41
2004-03-01,43.54,44.24
2004-02-27,42.68,43.54
2004-02-26,41.66,42.68
2004-02-25,41.6,41.9
2004-02-24,42.0,42.35
2004-02-23,41.82,42.24
2004-02-20,42.36,42.72
2004-02-19,42.33,42.82
2004-02-18,42.4,42.47
2004-02-17,42.62,43.26
2004-02-16,42.09,42.94
2004-02-13,42.9,43.07
2004-02-12,43.41,43.41
2004-02-11,43.45,43.82
2004-02-10,43.75,43.88
2004-02-09,43.1,43.69
2004-02-06,42.86,43.21
2004-02-05,43.28,43.49
2004-02-04,43.59,43.7
2004-02-03,44.72,44.9
2004-02-02,44.5,44.74
2004-01-30,44.89,45.1
2004-01-29,44.63,45.5
2004-01-28,44.49,44.98
2004-01-27,44.18,45.42
2004-01-26,44.9,45.1
2004-01-23,44.69,44.91
2004-01-22,45.25,45.3
2004-01-21,44.9,45.69
2004-01-20,45.4,46.16
2004-01-19,45.22,45.75
2004-01-16,45.4,45.58
2004-01-15,45.35,45.54
2004-01-14,45.0,45.87
2004-01-13,44.72,45.19
2004-01-12,44.49,45.02
2004-01-09,45.47,45.48
2004-01-08,45.34,45.9
2004-01-07,45.21,45.25
2004-01-06,44.8,45.12
2004-01-05,44.7,44.95
2004-01-02,44.52,45.23
2004-01-01,44.58,44.58
2003-12-31,44.58,44.58
2003-12-30,44.17,44.85
2003-12-29,43.51,43.97
2003-12-26,43.29,43.29
2003-12-25,43.29,43.29
2003-12-24,43.29,43.29
2003-12-23,43.1,43.5
2003-12-22,42.9,43.38
2003-12-19,42.64,43.61
2003-12-18,41.87,42.75
2003-12-17,42.24,42.51
2003-12-16,42.1,42.57
2003-12-15,42.41,42.7
2003-12-12,42.64,42.73
2003-12-11,42.65,42.7
2003-12-10,43.27,43.46
2003-12-09,43.05,43.6
2003-12-08,42.2,42.6
2003-12-05,42.77,43.11
2003-12-04,43.02,43.41
2003-12-03,42.39,43.4
2003-12-02,42.5,43.37
2003-12-01,41.75,42.65
2003-11-28,41.4,41.7
2003-11-27,41.3,41.48
2003-11-26,41.26,41.87
2003-11-25,42.05,42.21
2003-11-24,41.2,42.0
2003-11-21,41.38,41.48
2003-11-20,41.18,41.32
2003-11-19,40.68,41.21
2003-11-18,41.32,41.93
2003-11-17,41.61,41.85
2003-11-14,41.9,42.78
2003-11-13,41.75,42.5
2003-11-12,41.85,42.0
2003-11-11,41.42,41.7
2003-11-10,42.65,42.65
2003-11-07,41.8,42.88
2003-11-06,41.83,41.99
2003-11-05,41.0,42.01
2003-11-04,40.09,41.4
2003-11-03,39.55,40.15
2003-10-31,39.79,39.98
2003-10-30,40.15,40.6
2003-10-29,40.2,40.29
2003-10-28,39.94,40.3
2003-10-27,39.4,40.0
2003-10-24,39.32,39.59
2003-10-23,38.49,39.6
2003-10-22,40.09,40.32
2003-10-21,40.25,40.45
2003-10-20,39.52,40.27
2003-10-17,40.06,40.63
2003-10-16,39.75,40.53
2003-10-15,39.84,40.3
2003-10-14,39.5,39.73
2003-10-13,39.41,39.75
2003-10-10,39.13,39.39
2003-10-09,38.38,39.4
2003-10-08,38.5,38.79
2003-10-07,39.0,39.0
2003-10-06,39.51,39.6
2003-10-03,38.0,39.99
2003-10-02,38.57,38.95
2003-10-01,37.4,38.11
2003-09-30,38.3,38.37
2003-09-29,38.6,39.0
2003-09-26,38.0,39.1
2003-09-25,37.7,39.0
2003-09-24,39.15,39.39
2003-09-23,39.71,39.96
2003-09-22,41.06,41.11
2003-09-19,41.5,41.5
2003-09-18,41.08,41.5
2003-09-17,41.75,41.9
2003-09-16,41.4,41.78
2003-09-15,41.2,41.45
2003-09-12,41.61,41.7
2003-09-11,41.48,41.95
2003-09-10,41.84,42.0
2003-09-09,42.5,42.69
2003-09-08,42.3,42.7
2003-09-05,42.89,43.09
2003-09-04,42.9,43.37
2003-09-03,43.0,43.44
2003-09-02,43.05,43.1
2003-09-01,42.41,43.39
2003-08-29,42.8,42.95
2003-08-28,42.77,43.34
2003-08-27,42.42,42.75
2003-08-26,42.55,43.19
2003-08-25,42.68,42.68
2003-08-22,42.15,43.36
2003-08-21,42.25,42.8
2003-08-20,42.34,42.59
2003-08-19,42.5,42.82
2003-08-18,42.04,42.42
2003-08-15,41.23,42.12
2003-08-14,40.35,41.48
2003-08-13,40.45,40.8
2003-08-12,39.99,40.43
2003-08-11,39.93,40.18
2003-08-08,39.88,40.09
2003-08-07,40.05,40.05
2003-08-06,41.7,42.01
2003-08-05,42.06,42.24
2003-08-04,42.0,42.68
2003-08-01,42.2,42.61
2003-07-31,41.45,42.56
2003-07-30,40.86,41.58
2003-07-29,40.7,41.65
2003-07-28,40.75,40.95
2003-07-25,40.48,40.7
2003-07-24,39.9,40.94
2003-07-23,40.55,40.57
2003-07-22,40.2,40.49
2003-07-21,40.8,41.08
2003-07-18,40.5,40.95
2003-07-17,39.98,40.68
2003-07-16,40.21,40.7
2003-07-15,40.19,40.6
2003-07-14,39.69,40.65
2003-07-11,38.81,39.73
2003-07-10,39.18,39.24
2003-07-09,39.5,39.7
2003-07-08,39.4,39.99
2003-07-07,37.8,39.92
2003-07-04,36.75,37.85
2003-07-03,37.01,37.69
2003-07-02,37.0,37.35
2003-07-01,37.1,37.35
2003-06-30,37.8,37.8
2003-06-27,38.15,38.26
2003-06-26,37.26,38.0
2003-06-25,38.3,38.53
2003-06-24,38.25,38.5
2003-06-23,39.2,39.27
2003-06-20,39.25,39.85
2003-06-19,39.95,39.95
2003-06-18,39.44,39.99
2003-06-17,39.5,39.8
2003-06-16,38.16,39.13
2003-06-13,38.25,39.15
2003-06-12,37.92,38.8
2003-06-11,37.05,37.8
2003-06-10,36.53,37.45
2003-06-09,36.48,37.07
2003-06-06,36.35,37.34
2003-06-05,37.3,37.42
2003-06-04,36.75,37.5
2003-06-03,36.36,36.93
2003-06-02,37.1,37.3
2003-05-30,35.65,36.95
2003-05-29,36.15,36.47
2003-05-28,35.11,36.45
2003-05-27,34.24,35.17
2003-05-26,34.5,35.02
2003-05-23,35.38,35.55
2003-05-22,35.24,35.44
2003-05-21,35.78,35.84
2003-05-20,35.9,36.51
2003-05-19,37.29,37.64
2003-05-16,37.7,38.78
2003-05-15,37.4,37.89
2003-05-14,36.25,37.65
2003-05-13,37.29,37.38
2003-05-12,37.68,37.72
2003-05-09,36.98,37.27
2003-05-08,38.15,38.58
2003-05-07,39.22,39.42
2003-05-06,39.97,40.75
2003-05-05,40.88,41.16
2003-05-02,39.6,40.4
2003-05-01,39.78,39.78
2003-04-30,39.79,40.47
2003-04-29,40.3,40.47
2003-04-28,38.2,39.47
2003-04-25,39.2,39.83
2003-04-24,39.6,40.73
2003-04-23,40.92,41.22
2003-04-22,39.45,40.88
2003-04-21,39.5,39.5
2003-04-18,39.5,39.5
2003-04-17,37.94,39.54
2003-04-16,38.87,39.37
2003-04-15,39.2,39.47
2003-04-14,38.99,39.08
2003-04-11,38.44,39.42
2003-04-10,37.82,39.68
2003-04-09,38.29,39.78
2003-04-08,39.28,39.5
2003-04-07,39.0,40.24
2003-04-04,36.69,38.32
2003-04-03,35.75,37.17
2003-04-02,33.9,36.3
2003-04-01,34.04,34.58
2003-03-31,34.9,34.97
2003-03-28,36.2,36.54
2003-03-27,36.22,36.6
2003-03-26,36.2,37.33
2003-03-25,34.5,36.27
2003-03-24,37.45,38.19
2003-03-21,36.0,38.2
2003-03-20,36.5,37.92
2003-03-19,35.01,37.8
2003-03-18,34.0,35.6
2003-03-17,31.33,32.26
2003-03-14,31.19,32.87
2003-03-13,28.8,31.06
2003-03-12,30.3,30.34
2003-03-11,31.59,32.01
2003-03-10,32.32,32.4
2003-03-07,32.3,32.85
2003-03-06,33.31,33.49
2003-03-05,33.46,33.9
2003-03-04,33.89,34.56
2003-03-03,34.16,34.8
2003-02-28,33.53,34.33
2003-02-27,33.15,33.65
2003-02-26,33.57,33.8
2003-02-25,32.67,33.44
2003-02-24,33.75,34.03
2003-02-21,33.39,34.05
2003-02-20,34.01,34.63
2003-02-19,34.78,34.9
2003-02-18,34.74,35.19
2003-02-17,34.83,34.99
2003-02-14,32.99,34.65
2003-02-13,32.7,33.17
2003-02-12,33.55,33.87
2003-02-11,33.56,34.62
2003-02-10,33.16,33.68
2003-02-07,33.41,34.35
2003-02-06,34.25,34.62
2003-02-05,33.5,34.84
2003-02-04,34.59,34.59
2003-02-03,34.7,35.19
2003-01-31,32.85,34.6
2003-01-30,33.84,34.33
2003-01-29,32.48,34.18
2003-01-28,32.21,33.44
2003-01-27,33.5,33.76
2003-01-24,34.95,34.97
2003-01-23,34.21,35.25
2003-01-22,34.91,35.46
2003-01-21,35.95,36.52
2003-01-20,35.99,36.7
2003-01-17,37.19,37.19
2003-01-16,36.7,37.68
2003-01-15,37.55,37.86
2003-01-14,36.99,37.79
2003-01-13,36.9,37.59
2003-01-10,37.29,37.61
2003-01-09,37.5,37.92
2003-01-08,38.34,38.88
2003-01-07,39.03,39.74
2003-01-06,38.5,39.2
2003-01-03,38.49,38.99
2003-01-02,35.85,38.42
2003-01-01,36.08,36.08
2002-12-31,36.08,36.08
2002-12-30,35.8,36.44
2002-12-27,36.98,37.67
2002-12-26,36.05,36.05
2002-12-25,36.05,36.05
2002-12-24,36.05,36.05
2002-12-23,37.99,38.11
2002-12-20,36.5,37.94
2002-12-19,37.5,38.05
2002-12-18,38.56,38.75
2002-12-17,38.6,38.79
2002-12-16,37.3,38.4
2002-12-13,38.6,38.9
2002-12-12,39.59,39.79
2002-12-11,39.2,39.9
2002-12-10,38.29,39.5
2002-12-09,39.13,39.8
2002-12-06,39.83,39.86
2002-12-05,40.32,40.7
2002-12-04,40.35,40.66
2002-12-03,41.0,41.14
2002-12-02,39.04,41.2
2002-11-29,39.22,40.1
2002-11-28,38.44,39.26
2002-11-27,36.7,38.6
2002-11-26,37.92,38.2
2002-11-25,38.0,38.39
2002-11-22,37.97,38.26
2002-11-21,37.33,38.2
2002-11-20,36.9,37.4
2002-11-19,37.21,37.59
2002-11-18,38.28,38.39
2002-11-15,38.2,38.25
2002-11-14,38.1,38.3
2002-11-13,37.55,38.15
2002-11-12,37.45,38.25
2002-11-11,36.28,37.47
2002-11-08,36.43,37.66
2002-11-07,38.0,38.28
2002-11-06,39.38,39.4
2002-11-05,38.29,39.0
2002-11-04,37.98,38.74
2002-11-01,37.35,37.75
2002-10-31,37.34,38.08
2002-10-30,36.3,37.67
2002-10-29,37.32,38.38
2002-10-28,36.97,38.15
2002-10-25,36.02,36.9
2002-10-24,36.5,37.66
2002-10-23,37.98,38.18
2002-10-22,38.52,39.05
2002-10-21,38.15,38.89
2002-10-18,38.52,38.78
2002-10-17,38.36,38.9
2002-10-16,37.25,38.65
2002-10-15,36.5,37.6
2002-10-14,36.42,36.73
2002-10-11,34.71,36.62
2002-10-10,32.89,34.66
2002-10-09,33.1,33.6
2002-10-08,34.1,34.95
2002-10-07,33.59,34.4
2002-10-04,35.65,35.97
2002-10-03,35.5,37.0
2002-10-02,37.0,37.95
2002-10-01,35.89,36.9
2002-09-30,36.15,36.2
2002-09-27,37.9,38.38
2002-09-26,36.9,38.17
2002-09-25,35.4,37.19
2002-09-24,37.72,38.3
2002-09-23,38.45,39.37
2002-09-20,37.75,39.35
2002-09-19,38.7,38.95
2002-09-18,39.5,39.5
2002-09-17,41.25,41.55
2002-09-16,40.84,40.9
2002-09-13,40.24,40.78
2002-09-12,41.58,41.59
2002-09-11,41.1,41.94
2002-09-10,40.9,41.39
2002-09-09,40.93,40.93
2002-09-06,39.92,40.96
2002-09-05,40.21,40.42
2002-09-04,39.05,40.5
2002-09-03,41.11,41.7
2002-09-02,41.92,41.99
2002-08-30,40.9,42.25
2002-08-29,40.52,40.9
2002-08-28,42.45,42.45
2002-08-27,42.45,42.45
2002-08-26,42.45,42.45
2002-08-23,42.45,42.45
2002-08-22,41.15,42.46
2002-08-21,40.7,41.8
2002-08-20,41.89,41.89
2002-08-19,41.0,41.94
2002-08-16,41.8,41.95
2002-08-15,41.11,41.98
2002-08-14,40.4,41.4
2002-08-13,42.0,42.59
2002-08-12,42.34,42.89
2002-08-09,42.1,42.9
2002-08-08,41.03,41.9
2002-08-07,40.24,40.25
2002-08-06,37.3,40.29
2002-08-05,39.02,39.09
2002-08-02,38.9,39.99
2002-08-01,39.23,40.54
2002-07-31,41.2,41.6
2002-07-30,40.51,41.25
2002-07-29,38.8,40.85
2002-07-26,36.25,39.13
2002-07-25,38.9,39.17
2002-07-24,37.36,38.4
2002-07-23,38.79,40.13
2002-07-22,39.4,40.11
2002-07-19,41.99,42.01
2002-07-18,42.16,43.15
2002-07-17,40.6,42.16
2002-07-16,42.25,42.53
2002-07-15,42.95,43.48
2002-07-12,44.17,44.8
2002-07-11,44.2,44.65
2002-07-10,45.55,45.98
2002-07-09,47.74,47.93
2002-07-08,47.11,47.65
2002-07-05,46.26,47.75
2002-07-04,46.4,46.6
2002-07-03,45.89,46.64
2002-07-02,45.8,47.13
2002-07-01,46.8,47.2
2002-06-28,45.9,47.4
2002-06-27,45.9,45.9
2002-06-26,44.8,46.15
2002-06-25,45.8,46.95
2002-06-24,45.95,46.35
2002-06-21,44.67,46.07
2002-06-20,45.13,45.36
2002-06-19,45.65,45.65
2002-06-18,45.99,46.08
2002-06-17,44.75,46.0
2002-06-14,45.75,45.75
2002-06-13,45.96,46.2
2002-06-12,45.9,45.9
2002-06-11,46.8,47.04
2002-06-10,46.99,47.17
2002-06-07,46.5,46.53
2002-06-06,46.63,47.76
2002-06-05,46.97,47.36
2002-06-04,48.16,48.17
2002-06-03,49.5,49.55
2002-05-31,49.05,49.83
2002-05-30,49.0,49.25
2002-05-29,48.6,49.15
2002-05-28,49.0,49.0
2002-05-27,48.41,49.19
2002-05-24,48.4,48.75
2002-05-23,48.5,48.8
2002-05-22,48.4,48.74
2002-05-21,48.65,49.44
2002-05-20,48.75,49.28
2002-05-17,48.05,49.31
2002-05-16,48.01,48.2
2002-05-15,47.95,48.05
2002-05-14,47.47,48.0
2002-05-13,46.75,47.65
2002-05-10,46.3,47.3
2002-05-09,46.21,46.48
2002-05-08,45.5,46.28
2002-05-07,45.01,45.44
2002-05-06,46.0,46.29
2002-05-03,46.56,47.03
2002-05-02,46.6,47.03
2002-05-01,47.6,47.6
2002-04-30,45.75,47.48
2002-04-29,45.24,45.42
2002-04-26,44.89,45.61
2002-04-25,46.65,46.83
2002-04-24,46.94,47.35
2002-04-23,48.23,48.23
2002-04-22,47.79,48.0
2002-04-19,47.25,47.7
2002-04-18,47.22,47.89
2002-04-17,47.5,47.79
2002-04-16,47.3,47.59
2002-04-15,46.84,47.3
2002-04-12,46.65,47.21
2002-04-11,47.55,47.55
2002-04-10,46.74,47.45
2002-04-09,46.7,47.35
2002-04-08,46.86,46.89
2002-04-05,46.76,47.29
2002-04-04,47.98,48.08
2002-04-03,47.12,48.42
2002-04-02,46.44,47.25
2002-04-01,46.5,46.5
2002-03-29,46.5,46.5
2002-03-28,46.08,46.75
2002-03-27,46.6,46.82
2002-03-26,47.05,47.22
2002-03-25,47.25,47.75
2002-03-22,46.79,47.3
2002-03-21,46.8,47.39
2002-03-20,47.0,47.09
2002-03-19,47.0,47.37
2002-03-18,47.0,47.25
2002-03-15,46.04,47.35
2002-03-14,45.75,46.58
2002-03-13,46.3,46.8
2002-03-12,46.7,46.77
2002-03-11,47.3,47.48
2002-03-08,46.8,47.6
2002-03-07,46.55,47.45
2002-03-06,45.7,46.45
2002-03-05,45.75,46.95
2002-03-04,45.4,46.37
2002-03-01,44.12,44.99
2002-02-28,43.99,44.8
2002-02-27,43.44,44.49
2002-02-26,42.93,43.64
2002-02-25,42.71,42.79
2002-02-22,41.81,42.79
2002-02-21,41.45,42.4
2002-02-20,40.52,41.14
2002-02-19,41.15,41.41
2002-02-18,41.1,41.46
2002-02-15,41.86,42.09
2002-02-14,43.05,43.5
2002-02-13,43.87,43.98
2002-02-12,43.8,44.12
2002-02-11,43.01,43.82
2002-02-08,42.6,43.16
2002-02-07,43.2,43.6
2002-02-06,44.9,44.97
2002-02-05,44.2,45.05
2002-02-04,44.95,46.0
2002-02-01,45.3,45.34
2002-01-31,44.83,45.29
2002-01-30,43.98,44.59
2002-01-29,44.7,44.89
2002-01-28,45.23,45.42
2002-01-25,44.95,45.43
2002-01-24,44.25,45.55
2002-01-23,43.17,44.44
2002-01-22,43.21,43.56
2002-01-21,43.29,43.42
2002-01-18,42.99,43.48
2002-01-17,42.17,43.2
2002-01-16,41.9,42.45
2002-01-15,41.85,41.85
2002-01-14,42.67,43.1
2002-01-11,42.8,43.5
2002-01-10,42.9,43.42
2002-01-09,42.8,43.82
2002-01-08,43.45,43.9
2002-01-07,43.48,44.09
2002-01-04,43.5,43.69
2002-01-03,42.35,43.41
2002-01-02,41.1,42.33
2002-01-01,41.75,41.75
2001-12-31,41.75,41.75
2001-12-28,41.9,42.48
2001-12-27,40.75,41.94
2001-12-26,40.6,40.6
2001-12-25,40.6,40.6
2001-12-24,40.6,40.6
2001-12-21,40.5,41.25
2001-12-20,40.82,41.42
2001-12-19,41.67,41.97
2001-12-18,41.4,41.9
2001-12-17,40.7,41.57
2001-12-14,40.98,41.33
2001-12-13,41.6,42.0
2001-12-12,42.8,42.91
2001-12-11,43.0,43.0
2001-12-10,43.28,43.34
2001-12-07,44.0,44.0
2001-12-06,43.85,44.98
2001-12-05,42.9,44.07
2001-12-04,42.42,42.92
2001-12-03,43.02,43.18
2001-11-30,43.02,43.18
2001-11-29,42.25,43.39
2001-11-28,42.6,43.0
2001-11-27,43.43,43.8
2001-11-26,42.91,43.85
2001-11-23,43.1,43.21
2001-11-22,43.2,43.41
2001-11-21,42.8,43.9
2001-11-20,43.4,43.9
2001-11-19,42.06,43.34
2001-11-16,40.31,42.3
2001-11-15,41.08,41.34
2001-11-14,41.3,42.12
2001-11-13,39.45,41.72
2001-11-12,41.1,41.1
2001-11-09,41.15,41.66
2001-11-08,40.4,42.12
2001-11-07,39.31,40.92
2001-11-06,39.34,39.8
2001-11-05,38.09,39.1
2001-11-02,38.6,38.75
2001-11-01,37.55,38.53
2001-10-31,37.46,38.1
2001-10-30,37.88,38.3
2001-10-29,38.93,39.35
2001-10-26,38.4,39.18
2001-10-25,39.41,39.6
2001-10-24,38.83,40.05
2001-10-23,37.75,39.48
2001-10-22,38.0,38.16
2001-10-19,38.21,38.5
2001-10-18,38.87,39.15
2001-10-17,39.6,39.79
2001-10-16,39.72,39.72
2001-10-15,40.8,40.9
2001-10-12,39.8,41.14
2001-10-11,39.6,40.13
2001-10-10,38.41,39.89
2001-10-09,37.95,39.23
2001-10-08,37.65,38.77
2001-10-05,37.3,38.53
2001-10-04,37.18,37.8
2001-10-03,37.21,37.21
2001-10-02,37.95,38.34
2001-10-01,38.25,38.55
2001-09-28,37.25,38.95
2001-09-27,36.4,36.9
2001-09-26,35.78,37.5
2001-09-25,35.65,36.63
2001-09-24,30.89,30.89
2001-09-21,31.2,32.1
2001-09-20,34.75,34.9
2001-09-19,36.21,37.19
2001-09-18,37.55,38.26
2001-09-17,37.05,38.6
2001-09-14,40.08,40.35
2001-09-13,40.55,40.75
2001-09-12,41.25,41.98
2001-09-11,43.66,44.18
2001-09-10,44.4,44.85
2001-09-07,45.31,46.02
2001-09-06,46.52,46.7
2001-09-05,46.62,47.2
2001-09-04,45.73,47.25
2001-09-03,45.45,45.65
2001-08-31,45.05,45.46
2001-08-30,46.02,46.29
2001-08-29,46.3,46.55
2001-08-28,46.13,47.0
2001-08-27,46.46,46.5
2001-08-24,45.5,46.4
2001-08-23,45.74,45.84
2001-08-22,44.7,46.05
2001-08-21,44.56,45.15
2001-08-20,44.19,44.82
2001-08-17,44.5,45.15
2001-08-16,44.5,44.72
2001-08-15,44.8,44.99
2001-08-14,44.96,45.32
2001-08-13,45.34,45.34
2001-08-10,44.5,45.15
2001-08-09,43.77,44.81
2001-08-08,44.77,44.87
2001-08-07,44.46,45.95
2001-08-06,45.5,46.39
2001-08-03,45.61,46.11
2001-08-02,46.45,46.81
2001-08-01,46.37,46.73
2001-07-31,45.9,46.8
2001-07-30,45.49,46.37
2001-07-27,45.4,45.74
2001-07-26,45.2,45.23
2001-07-25,46.35,46.57
2001-07-24,46.84,46.93
2001-07-23,47.3,47.62
2001-07-20,46.81,47.48
2001-07-19,46.85,47.46
2001-07-18,47.11,47.24
2001-07-17,47.36,47.61
2001-07-16,47.8,47.9
2001-07-13,47.3,47.3
2001-07-12,46.99,47.3
2001-07-11,46.5,46.6
2001-07-10,46.8,47.26
2001-07-09,46.2,47.16
2001-07-06,47.09,47.09
2001-07-05,46.98,47.37
2001-07-04,46.83,47.44
2001-07-03,46.9,46.95
2001-07-02,46.6,47.2
2001-06-29,45.35,46.88
2001-06-28,43.72,45.31
2001-06-27,43.69,44.32
2001-06-26,43.45,43.99
2001-06-25,43.4,43.63
2001-06-22,43.72,43.8
2001-06-21,42.75,43.96
2001-06-20,44.5,44.73
2001-06-19,44.56,45.36
2001-06-18,44.65,45.44
2001-06-15,45.65,45.65
2001-06-14,46.1,46.1
2001-06-13,46.83,46.84
2001-06-12,46.91,46.93
2001-06-11,46.6,47.03
2001-06-08,47.12,47.6
2001-06-07,46.8,47.74
2001-06-06,47.5,47.67
2001-06-05,47.36,47.88
2001-06-04,47.25,47.81
2001-06-01,47.9,47.98
2001-05-31,46.85,48.0
2001-05-30,47.4,47.59
2001-05-29,48.49,48.49
2001-05-28,48.2,48.59
2001-05-25,48.8,48.89
2001-05-24,49.11,49.68
2001-05-23,49.5,49.67
2001-05-22,49.9,50.1
2001-05-21,49.85,50.0
2001-05-18,49.3,49.9
2001-05-17,49.3,49.65
2001-05-16,47.62,49.2
2001-05-15,47.72,47.95
2001-05-14,48.55,48.55
2001-05-11,48.3,48.98
2001-05-10,48.21,48.21
2001-05-09,47.6,48.76
2001-05-08,47.39,47.77
2001-05-07,46.9,46.9
2001-05-04,46.59,47.7
2001-05-03,46.76,47.11
2001-05-02,48.15,48.4
2001-05-01,48.71,48.71
2001-04-30,48.51,48.6
2001-04-27,46.91,48.54
2001-04-26,48.35,49.9
2001-04-25,49.05,49.05
2001-04-24,48.1,49.72
2001-04-23,48.7,49.0
2001-04-20,49.3,49.7
2001-04-19,48.59,49.55
2001-04-18,48.05,48.65
2001-04-17,47.85,48.2
2001-04-16,47.4,47.4
2001-04-13,47.4,47.4
2001-04-12,46.4,47.9
2001-04-11,45.75,47.0
2001-04-10,46.44,46.69
2001-04-09,44.79,46.42
2001-04-06,44.5,45.0
2001-04-05,44.2,44.75
2001-04-04,43.45,44.44
2001-04-03,44.4,44.42
2001-04-02,44.83,45.3
2001-03-30,45.89,45.91
2001-03-29,45.55,46.05
2001-03-28,46.1,46.1
2001-03-27,44.5,46.07
2001-03-26,43.3,44.33
2001-03-23,43.0,43.39
2001-03-22,44.52,44.92
2001-03-21,46.35,46.85
2001-03-20,46.51,46.84
2001-03-19,46.3,46.79
2001-03-16,47.0,47.8
2001-03-15,47.0,47.83
2001-03-13,49.0,49.12
2001-03-12,49.4,49.8
2001-03-09,50.05,50.08
2001-03-08,50.49,50.58
2001-03-07,49.38,51.0
2001-03-06,49.45,49.95
2001-03-05,48.5,49.59
2001-03-02,48.89,48.89
2001-03-01,49.0,49.1
2001-02-28,48.6,49.1
2001-02-27,48.19,48.9
2001-02-26,47.15,48.2
2001-02-23,47.15,47.92
2001-02-22,47.7,47.95
2001-02-21,47.75,48.13
2001-02-20,48.24,48.4
2001-02-19,47.0,48.62
2001-02-16,47.9,48.39
2001-02-15,47.05,47.05
2001-02-14,46.45,47.6
2001-02-13,46.74,46.74
2001-02-12,46.94,46.94
2001-02-09,47.27,47.39
2001-02-08,47.58,47.84
2001-02-07,47.55,47.8
2001-02-06,48.29,48.39
2001-02-05,47.51,48.25
2001-02-02,48.1,48.24
2001-02-01,46.91,48.22
2001-01-31,46.3,47.38
2001-01-30,46.1,46.34
2001-01-29,45.99,46.23
2001-01-26,44.9,46.02
2001-01-25,44.73,45.55
2001-01-24,46.25,46.25
2001-01-23,45.8,46.07
2001-01-22,44.5,45.75
2001-01-19,46.4,46.4
2001-01-18,46.3,46.31
2001-01-17,47.79,47.79
2001-01-16,46.6,47.72
2001-01-15,46.51,47.0
2001-01-12,46.5,46.8
2001-01-11,46.1,46.59
2001-01-10,47.89,47.89
2001-01-09,48.5,48.7
2001-01-08,49.29,49.29
2001-01-05,49.15,49.15
2001-01-04,48.25,49.23
2001-01-03,48.3,48.4
2001-01-02,48.9,49.19
2001-01-01,48.17,48.17
2000-12-29,48.25,48.64
2000-12-28,47.6,48.33
2000-12-27,46.6,47.8
2000-12-22,47.0,47.0
2000-12-21,46.65,47.55
2000-12-20,46.3,48.2
2000-12-19,47.9,48.15
2000-12-18,46.75,47.62
2000-12-15,46.5,47.45
2000-12-14,46.0,46.54
2000-12-13,45.55,46.5
2000-12-12,47.28,47.5
2000-12-11,47.65,48.4
2000-12-08,47.6,48.6
2000-12-07,46.75,47.75
2000-12-06,46.25,47.82
2000-12-05,44.2,46.43
2000-12-04,44.27,44.27
2000-12-01,44.0,44.47
2000-11-30,43.57,44.53
2000-11-29,44.2,44.9
2000-11-28,43.51,45.0
2000-11-27,43.5,44.4
2000-11-24,43.0,43.99
2000-11-23,42.86,43.62
2000-11-22,43.35,43.8
2000-11-21,42.55,43.62
2000-11-20,42.8,44.0
2000-11-17,43.6,43.8
2000-11-16,43.89,43.89
2000-11-15,43.99,44.1
2000-11-14,42.97,42.97
2000-11-13,43.45,43.45
2000-11-10,43.31,44.44
2000-11-09,43.0,43.58
2000-11-08,45.0,45.35
2000-11-07,45.1,45.31
2000-11-06,46.1,46.1
2000-11-03,45.4,46.09
2000-11-02,46.01,46.35
2000-11-01,46.61,46.61
2000-10-31,45.08,45.08
2000-10-30,43.1,45.19
2000-10-27,42.2,43.94
2000-10-26,42.21,43.4
2000-10-25,41.6,42.79
2000-10-24,40.7,40.7
2000-10-23,40.1,40.99
2000-10-20,40.5,40.5
2000-10-19,40.5,40.5
2000-10-18,40.5,40.5
2000-10-17,40.5,40.5
2000-10-16,40.5,40.5
2000-10-13,40.5,40.5
2000-10-12,41.17,41.89
2000-10-11,42.02,42.37
2000-10-10,42.14,42.2
2000-10-09,42.67,43.0
2000-10-06,42.79,43.99
2000-10-05,41.7,42.71
2000-10-04,40.7,42.4
2000-10-03,40.55,40.55
2000-10-02,39.87,41.0
2000-09-29,40.5,40.6
2000-09-28,40.54,40.54
2000-09-27,40.31,40.5
2000-09-26,40.45,40.95
2000-09-25,41.08,41.15
2000-09-22,39.0,41.0
2000-09-21,40.35,40.35
2000-09-20,41.39,41.39
2000-09-19,40.5,41.35
2000-09-18,41.49,41.49
2000-09-15,41.7,41.7
2000-09-14,41.29,42.15
2000-09-13,41.49,41.49
2000-09-12,42.19,42.2
2000-09-11,42.09,42.35
2000-09-08,42.84,42.84
2000-09-07,43.9,43.9
2000-09-06,43.8,44.29
2000-09-05,42.7,43.9
2000-09-04,42.3,42.95
2000-09-01,42.29,42.4
2000-08-31,42.5,42.8
2000-08-30,42.7,42.96
2000-08-29,43.0,43.0
2000-08-28,42.25,43.14
2000-08-25,42.19,42.5
2000-08-24,42.25,42.42
2000-08-23,42.75,42.75
2000-08-22,42.15,42.9
2000-08-21,41.7,42.0
2000-08-18,41.53,41.9
2000-08-17,41.91,42.19
2000-08-16,42.1,42.8
2000-08-15,42.47,42.51
2000-08-14,42.3,42.5
2000-08-11,42.3,42.54
2000-08-10,41.65,42.29
2000-08-09,42.65,42.89
2000-08-08,44.11,44.45
2000-08-07,45.11,45.75
2000-08-04,44.89,45.28
2000-08-03,44.42,44.97
2000-08-02,44.79,45.1
2000-08-01,45.0,45.1
2000-07-31,44.69,45.25
2000-07-28,44.05,44.85
2000-07-27,44.7,44.95
2000-07-26,45.05,45.5
2000-07-25,44.63,45.0
2000-07-24,44.05,44.93
2000-07-21,44.0,44.63
2000-07-20,43.4,44.15
2000-07-19,44.2,44.2
2000-07-18,43.8,44.2
2000-07-17,44.04,44.4
2000-07-14,44.6,44.75
2000-07-13,43.55,43.55
2000-07-12,42.6,44.62
2000-07-11,42.95,43.09
2000-07-10,42.5,43.13
2000-07-07,42.21,42.21
2000-07-06,43.2,43.2
2000-07-05,43.81,43.95
2000-07-04,43.15,43.82
2000-07-03,42.44,43.3
2000-06-30,42.0,42.65
2000-06-29,41.95,42.18
2000-06-28,41.3,42.19
2000-06-27,40.67,41.62
2000-06-26,40.0,41.1
2000-06-23,39.5,40.26
2000-06-22,40.3,40.3
2000-06-21,41.2,41.65
2000-06-20,42.0,42.0
2000-06-19,40.29,42.0
2000-06-16,41.8,42.06
2000-06-15,42.8,43.0
2000-06-14,44.25,44.3
2000-06-13,44.7,44.89
2000-06-12,45.4,45.5
2000-06-09,45.0,45.45
2000-06-08,45.9,45.9
2000-06-07,44.87,45.95
2000-06-06,47.16,47.16
2000-06-05,46.79,47.19
2000-06-02,44.68,47.0
2000-06-01,43.85,44.55
2000-05-31,45.25,45.3
2000-05-30,45.5,45.75
2000-05-29,45.4,45.99
2000-05-26,45.51,46.25
2000-05-25,47.6,47.6
2000-05-24,46.9,47.89
2000-05-23,47.75,47.76
2000-05-22,47.21,47.5
2000-05-19,48.0,48.6
2000-05-18,48.05,48.73
2000-05-17,49.39,49.39
2000-05-16,48.6,49.38
2000-05-15,48.76,49.48
2000-05-12,49.0,49.59
2000-05-11,48.25,49.54
2000-05-10,49.5,50.08
2000-05-09,49.0,49.0
2000-05-08,48.86,49.4
2000-05-05,49.35,49.75
2000-05-04,47.12,48.77
2000-05-03,47.5,48.31
2000-05-02,49.0,49.0
2000-05-01,48.09,48.09
2000-04-28,48.0,48.25
2000-04-27,48.9,49.6
2000-04-26,48.45,49.4
2000-04-25,46.1,48.15
2000-04-24,46.01,46.01
2000-04-21,46.01,46.01
2000-04-20,45.51,46.75
2000-04-19,47.6,47.66
2000-04-18,48.16,48.65
2000-04-17,47.0,48.6
2000-04-14,48.95,49.95
2000-04-13,48.91,49.79
2000-04-12,48.1,49.5
2000-04-11,47.29,48.23
2000-04-10,47.5,47.96
2000-04-07,48.0,48.04
2000-04-06,49.25,49.69
2000-04-05,50.0,50.68
2000-04-04,49.0,50.82
2000-04-03,49.5,49.65
2000-03-31,49.4,49.89
2000-03-30,49.5,49.75
2000-03-29,48.6,49.7
2000-03-28,49.05,49.81
2000-03-27,49.99,50.09
2000-03-24,49.88,50.2
2000-03-23,49.2,49.7
2000-03-22,49.0,50.55
2000-03-21,49.0,49.5
2000-03-20,49.91,50.36
2000-03-17,49.5,50.0
2000-03-16,48.2,49.0
2000-03-15,47.02,48.82
2000-03-14,46.7,48.43
2000-03-13,46.0,47.4
2000-03-10,45.4,46.7
2000-03-09,45.85,46.45
2000-03-08,45.95,46.08
2000-03-07,46.0,46.24
2000-03-06,45.8,46.46
2000-03-03,46.6,46.8
2000-03-02,46.25,46.9
2000-03-01,47.2,48.39
2000-02-29,47.5,48.45
2000-02-28,44.6,47.55
2000-02-25,46.0,46.0
2000-02-24,47.65,47.65
2000-02-23,46.55,48.2
2000-02-22,46.21,46.8
2000-02-21,46.6,47.1
2000-02-18,46.99,48.09
2000-02-17,44.39,46.89
2000-02-16,42.0,43.99
2000-02-15,43.45,43.65
2000-02-14,43.75,44.95
2000-02-11,44.0,45.45
2000-02-10,42.8,44.0
2000-02-09,43.5,45.4
2000-02-08,42.15,43.28
2000-02-07,42.8,42.9
2000-02-04,43.87,44.47
2000-02-03,44.99,46.19
2000-02-02,42.99,45.0
2000-02-01,44.77,44.77
2000-01-31,44.9,44.9
2000-01-28,44.85,45.97
2000-01-27,44.02,44.99
2000-01-26,45.8,46.17
2000-01-25,46.75,46.8
2000-01-24,48.1,48.35
2000-01-21,48.8,49.15
2000-01-20,49.9,50.0
2000-01-19,47.65,49.97
2000-01-18,47.93,48.48
2000-01-17,47.6,48.63
2000-01-14,47.89,48.48
2000-01-13,47.85,48.6
2000-01-12,47.75,48.4
2000-01-11,50.05,50.05
2000-01-10,51.1,51.24
2000-01-07,48.55,50.35
2000-01-06,46.78,48.35
2000-01-05,46.94,47.5
2000-01-04,49.8,49.8
2000-01-03,52.7,53.2
